iso3,scenario,hiv,measure,year,best,lo,hi
ABW,Baseline,a,inc,2019,2.1997,1.9174,2.5497
ABW,COVID,a,inc,2019,2.1997,1.9174,2.5497
ABW,Baseline,a,mort,2019,0.17641,0.10929,0.26196
ABW,COVID,a,mort,2019,0.17641,0.10929,0.26196
ABW,Baseline,a,inc,2020,2.1749,1.8988,2.5246
ABW,COVID,a,inc,2020,2.1572,1.9002,2.5081
ABW,Baseline,a,mort,2020,0.17578,0.10803,0.26013
ABW,COVID,a,mort,2020,0.19776,0.12304,0.29581
ABW,Baseline,a,inc,2021,2.1598,1.8853,2.5112
ABW,COVID,a,inc,2021,2.3165,1.9481,2.7136
ABW,Baseline,a,mort,2021,0.17515,0.1069,0.25852
ABW,COVID,a,mort,2021,0.24696,0.14634,0.37192
ABW,Baseline,a,inc,2022,2.1422,1.8611,2.4992
ABW,COVID,a,inc,2022,2.4944,2.0309,2.9939
ABW,Baseline,a,mort,2022,0.17435,0.10587,0.25708
ABW,COVID,a,mort,2022,0.25235,0.14675,0.38855
ABW,Baseline,a,inc,2023,2.1243,1.84,2.4878
ABW,COVID,a,inc,2023,2.4141,1.9742,2.957
ABW,Baseline,a,mort,2023,0.17427,0.1049,0.25576
ABW,COVID,a,mort,2023,0.20408,0.11732,0.30964
ABW,Baseline,a,inc,2024,2.1092,1.8269,2.4765
ABW,COVID,a,inc,2024,2.3236,1.9149,2.8449
ABW,Baseline,a,mort,2024,0.17363,0.10398,0.25465
ABW,COVID,a,mort,2024,0.19197,0.11208,0.29159
ALB,Baseline,a,inc,2019,15.8896,14.0753,18.3501
ALB,COVID,a,inc,2019,15.8896,14.0753,18.3501
ALB,Baseline,a,mort,2019,0.34756,0.19841,0.55134
ALB,COVID,a,mort,2019,0.34756,0.19841,0.55134
ALB,Baseline,a,inc,2020,15.6779,13.9184,18.1597
ALB,COVID,a,inc,2020,15.5581,13.8211,17.8968
ALB,Baseline,a,mort,2020,0.34341,0.19575,0.5451
ALB,COVID,a,mort,2020,0.39308,0.21817,0.62743
ALB,Baseline,a,inc,2021,15.4668,13.7315,17.9737
ALB,COVID,a,inc,2021,16.6994,14.8053,19.9558
ALB,Baseline,a,mort,2021,0.33981,0.19386,0.54006
ALB,COVID,a,mort,2021,0.5556,0.30268,0.90108
ALB,Baseline,a,inc,2022,15.3101,13.5669,17.8082
ALB,COVID,a,inc,2022,18.6513,15.6325,24.9776
ALB,Baseline,a,mort,2022,0.33403,0.19224,0.53553
ALB,COVID,a,mort,2022,0.59821,0.32629,0.97578
ALB,Baseline,a,inc,2023,15.1503,13.4051,17.6594
ALB,COVID,a,inc,2023,17.9896,15.1877,24.9762
ALB,Baseline,a,mort,2023,0.32998,0.1908,0.53136
ALB,COVID,a,mort,2023,0.43001,0.23502,0.71771
ALB,Baseline,a,inc,2024,15.007,13.2645,17.5227
ALB,COVID,a,inc,2024,16.8931,14.487,23.5119
ALB,Baseline,a,mort,2024,0.32698,0.18948,0.52892
ALB,COVID,a,mort,2024,0.38801,0.21576,0.64008
AND,Baseline,a,inc,2019,7.4664,6.4419,8.7683
AND,COVID,a,inc,2019,7.4664,6.4419,8.7683
AND,Baseline,a,mort,2019,0.59282,0.37791,0.91423
AND,COVID,a,mort,2019,0.59282,0.37791,0.91423
AND,Baseline,a,inc,2020,7.3629,6.3213,8.6351
AND,COVID,a,inc,2020,7.2875,6.2903,8.5587
AND,Baseline,a,mort,2020,0.58378,0.37255,0.90243
AND,COVID,a,mort,2020,0.6667,0.42485,1.0409
AND,Baseline,a,inc,2021,7.2953,6.2208,8.5197
AND,COVID,a,inc,2021,7.9773,6.6632,9.4793
AND,Baseline,a,mort,2021,0.57711,0.36743,0.89198
AND,COVID,a,mort,2021,0.93423,0.57225,1.468
AND,Baseline,a,inc,2022,7.2183,6.147,8.4163
AND,COVID,a,inc,2022,8.809,7.1865,10.9616
AND,Baseline,a,mort,2022,0.57119,0.36298,0.88243
AND,COVID,a,mort,2022,1.0076,0.603,1.5717
AND,Baseline,a,inc,2023,7.1476,6.0512,8.3211
AND,COVID,a,inc,2023,8.5542,7.0122,10.8191
AND,Baseline,a,mort,2023,0.56664,0.35979,0.87349
AND,COVID,a,mort,2023,0.72463,0.43684,1.1363
AND,Baseline,a,inc,2024,7.0865,5.9583,8.2561
AND,COVID,a,inc,2024,8.0401,6.6704,10.2279
AND,Baseline,a,mort,2024,0.56038,0.35675,0.86496
AND,COVID,a,mort,2024,0.65657,0.4021,1.024
ARG,Baseline,a,inc,2019,28.7064,25.0586,34.1462
ARG,COVID,a,inc,2019,28.7064,25.0586,34.1462
ARG,Baseline,a,mort,2019,1.7869,1.5867,1.9964
ARG,COVID,a,mort,2019,1.7869,1.5867,1.9964
ARG,Baseline,a,inc,2020,28.5473,24.863,33.7249
ARG,COVID,a,inc,2020,28.29,24.6906,33.4891
ARG,Baseline,a,mort,2020,1.7674,1.5703,1.9754
ARG,COVID,a,mort,2020,2.0278,1.7757,2.3058
ARG,Baseline,a,inc,2021,28.4275,24.7148,33.37
ARG,COVID,a,inc,2021,30.4176,26.1092,36.1634
ARG,Baseline,a,mort,2021,1.7536,1.5564,1.9683
ARG,COVID,a,mort,2021,2.5116,2.1533,2.9156
ARG,Baseline,a,inc,2022,28.2871,24.5366,33.0502
ARG,COVID,a,inc,2022,32.8687,27.7639,40.0234
ARG,Baseline,a,mort,2022,1.7461,1.5442,1.9614
ARG,COVID,a,mort,2022,2.5388,2.1783,3.0281
ARG,Baseline,a,inc,2023,28.0397,24.3944,32.8499
ARG,COVID,a,inc,2023,31.921,27.1924,39.399
ARG,Baseline,a,mort,2023,1.7352,1.5335,1.9497
ARG,COVID,a,mort,2023,2.0547,1.6953,2.4753
ARG,Baseline,a,inc,2024,27.8099,24.192,32.7375
ARG,COVID,a,inc,2024,30.7583,26.2588,37.5176
ARG,Baseline,a,mort,2024,1.7328,1.5238,1.9353
ARG,COVID,a,mort,2024,1.9319,1.6141,2.3197
ARM,Baseline,a,inc,2019,25.779,19.5897,33.3413
ARM,COVID,a,inc,2019,25.779,19.5897,33.3413
ARM,Baseline,a,mort,2019,1.579,1.376,1.8435
ARM,COVID,a,mort,2019,1.579,1.376,1.8435
ARM,Baseline,a,inc,2020,25.52,19.2733,33.1224
ARM,COVID,a,inc,2020,25.4085,19.1251,32.8131
ARM,Baseline,a,mort,2020,1.5574,1.3582,1.8118
ARM,COVID,a,mort,2020,1.7773,1.5389,2.0717
ARM,Baseline,a,inc,2021,25.2726,19.01,32.9273
ARM,COVID,a,inc,2021,27.452,20.4985,36.1087
ARM,Baseline,a,mort,2021,1.5402,1.3405,1.79
ARM,COVID,a,mort,2021,2.5162,2.1042,2.9908
ARM,Baseline,a,inc,2022,25.0152,18.781,32.7176
ARM,COVID,a,inc,2022,30.4493,22.9029,40.9573
ARM,Baseline,a,mort,2022,1.5223,1.3249,1.7774
ARM,COVID,a,mort,2022,2.6541,2.249,3.2513
ARM,Baseline,a,inc,2023,24.7148,18.5749,32.6313
ARM,COVID,a,inc,2023,29.4749,22.0804,40.5115
ARM,Baseline,a,mort,2023,1.5059,1.3098,1.7597
ARM,COVID,a,mort,2023,1.8952,1.5557,2.4925
ARM,Baseline,a,inc,2024,24.5218,18.4248,32.5954
ARM,COVID,a,inc,2024,27.7814,20.878,38.6034
ARM,Baseline,a,mort,2024,1.4918,1.2943,1.7416
ARM,COVID,a,mort,2024,1.724,1.406,2.2943
BHS,Baseline,a,inc,2019,15.0125,12.9655,17.373
BHS,COVID,a,inc,2019,15.0125,12.9655,17.373
BHS,Baseline,a,mort,2019,1.2955,0.9162,1.7997
BHS,COVID,a,mort,2019,1.2955,0.9162,1.7997
BHS,Baseline,a,inc,2020,14.937,12.8505,17.2111
BHS,COVID,a,inc,2020,14.788,12.6854,17.1786
BHS,Baseline,a,mort,2020,1.2807,0.9095,1.7824
BHS,COVID,a,mort,2020,1.4591,1.0396,2.0614
BHS,Baseline,a,inc,2021,14.8051,12.7393,17.1313
BHS,COVID,a,inc,2021,15.8465,13.2672,18.9564
BHS,Baseline,a,mort,2021,1.2731,0.89897,1.7658
BHS,COVID,a,mort,2021,1.8184,1.2964,2.5816
BHS,Baseline,a,inc,2022,14.7393,12.624,17.0567
BHS,COVID,a,inc,2022,16.9553,14.0282,21.2251
BHS,Baseline,a,mort,2022,1.2639,0.88985,1.7434
BHS,COVID,a,mort,2022,1.861,1.2736,2.6774
BHS,Baseline,a,inc,2023,14.6486,12.5162,16.9885
BHS,COVID,a,inc,2023,16.5878,13.6341,20.5923
BHS,Baseline,a,mort,2023,1.2549,0.8827,1.7231
BHS,COVID,a,mort,2023,1.4859,1.0034,2.1822
BHS,Baseline,a,inc,2024,14.5173,12.4137,16.9248
BHS,COVID,a,inc,2024,15.85,13.1866,19.6056
BHS,Baseline,a,mort,2024,1.2424,0.87687,1.7043
BHS,COVID,a,mort,2024,1.4063,0.95007,2.0519
BLR,Baseline,a,inc,2019,28.703,22.2059,37.326
BLR,COVID,a,inc,2019,28.703,22.2059,37.326
BLR,Baseline,a,mort,2019,3.1641,3.0801,3.2853
BLR,COVID,a,mort,2019,3.1641,3.0801,3.2853
BLR,Baseline,a,inc,2020,28.2178,21.9134,37.0272
BLR,COVID,a,inc,2020,28.0655,21.7009,36.7617
BLR,Baseline,a,mort,2020,3.1188,3.0173,3.2452
BLR,COVID,a,mort,2020,3.5672,3.3709,3.7389
BLR,Baseline,a,inc,2021,27.8714,21.6575,36.5829
BLR,COVID,a,inc,2021,30.1797,23.2607,39.4524
BLR,Baseline,a,mort,2021,3.0746,2.9641,3.2399
BLR,COVID,a,mort,2021,5.0553,4.4343,5.5798
BLR,Baseline,a,inc,2022,27.5745,21.3732,36.1392
BLR,COVID,a,inc,2022,33.5577,24.6843,47.1766
BLR,Baseline,a,mort,2022,3.0403,2.9011,3.2429
BLR,COVID,a,mort,2022,5.2979,4.8081,6.4184
BLR,Baseline,a,inc,2023,27.3103,21.1072,35.7205
BLR,COVID,a,inc,2023,32.6266,24.053,46.1084
BLR,Baseline,a,mort,2023,3.0053,2.8564,3.2462
BLR,COVID,a,mort,2023,3.7749,3.3971,4.8626
BLR,Baseline,a,inc,2024,27.0628,20.8652,35.4522
BLR,COVID,a,inc,2024,30.8814,23.0266,42.9581
BLR,Baseline,a,mort,2024,2.9755,2.8174,3.2497
BLR,COVID,a,mort,2024,3.4215,3.1252,4.4869
BLZ,Baseline,a,inc,2019,26.9615,23.015,31.4093
BLZ,COVID,a,inc,2019,26.9615,23.015,31.4093
BLZ,Baseline,a,mort,2019,2.7097,2.2823,3.1926
BLZ,COVID,a,mort,2019,2.7097,2.2823,3.1926
BLZ,Baseline,a,inc,2020,26.6945,22.7785,31.4178
BLZ,COVID,a,inc,2020,26.5818,22.5579,31.2231
BLZ,Baseline,a,mort,2020,2.6878,2.2598,3.1707
BLZ,COVID,a,mort,2020,3.087,2.5775,3.6152
BLZ,Baseline,a,inc,2021,26.5107,22.6103,31.4263
BLZ,COVID,a,inc,2021,28.3495,23.6264,34.1982
BLZ,Baseline,a,mort,2021,2.6633,2.2318,3.1508
BLZ,COVID,a,mort,2021,3.8105,3.1244,4.6115
BLZ,Baseline,a,inc,2022,26.3567,22.4151,31.3938
BLZ,COVID,a,inc,2022,30.7679,24.8673,38.1606
BLZ,Baseline,a,mort,2022,2.6353,2.2055,3.1344
BLZ,COVID,a,mort,2022,3.8138,3.1848,4.7321
BLZ,Baseline,a,inc,2023,26.2154,22.2936,31.2924
BLZ,COVID,a,inc,2023,30.0421,24.077,37.6599
BLZ,Baseline,a,mort,2023,2.6227,2.1838,3.1188
BLZ,COVID,a,mort,2023,3.0982,2.5485,3.8543
BLZ,Baseline,a,inc,2024,26.0905,22.1733,31.1866
BLZ,COVID,a,inc,2024,28.7901,23.346,36.0028
BLZ,Baseline,a,mort,2024,2.6082,2.1642,3.1038
BLZ,COVID,a,mort,2024,2.9088,2.3869,3.6065
BOL,Baseline,a,inc,2019,104.3304,68.5201,150.3462
BOL,COVID,a,inc,2019,104.3304,68.5201,150.3462
BOL,Baseline,a,mort,2019,11.1084,8.0713,15.106
BOL,COVID,a,mort,2019,11.1084,8.0713,15.106
BOL,Baseline,a,inc,2020,103.3869,67.8068,149.0524
BOL,COVID,a,inc,2020,102.5612,67.1106,149.4245
BOL,Baseline,a,mort,2020,10.9265,7.971,14.9225
BOL,COVID,a,mort,2020,12.6453,9.2189,16.8188
BOL,Baseline,a,inc,2021,102.6628,67.1654,147.8837
BOL,COVID,a,inc,2021,109.4727,71.3647,160.7744
BOL,Baseline,a,mort,2021,10.8168,7.8891,14.7597
BOL,COVID,a,mort,2021,15.7915,11.2771,21.101
BOL,Baseline,a,inc,2022,102.1334,66.5727,146.8576
BOL,COVID,a,inc,2022,116.8376,74.7849,178.8106
BOL,Baseline,a,mort,2022,10.7689,7.8237,14.6974
BOL,COVID,a,mort,2022,15.9579,11.2275,21.2705
BOL,Baseline,a,inc,2023,101.3868,66.0138,145.9482
BOL,COVID,a,inc,2023,114.6468,72.5894,175.9965
BOL,Baseline,a,mort,2023,10.713,7.7703,14.6553
BOL,COVID,a,mort,2023,12.6382,9.0249,17.134
BOL,Baseline,a,inc,2024,100.6949,65.479,145.1346
BOL,COVID,a,inc,2024,110.0957,70.2933,167.6099
BOL,Baseline,a,mort,2024,10.647,7.7207,14.6152
BOL,COVID,a,mort,2024,11.9101,8.5328,16.2458
BWA,Baseline,a,inc,2019,245.5372,189.0338,312.2974
BWA,Baseline,pos,inc,2019,120.7047,95.6726,151.6306
BWA,COVID,a,inc,2019,245.5372,189.0338,312.2974
BWA,COVID,pos,inc,2019,120.7047,95.6726,151.6306
BWA,Baseline,a,mort,2019,76.4713,59.5844,94.0742
BWA,Baseline,pos,mort,2019,47.5758,35.8399,63.0822
BWA,COVID,a,mort,2019,76.4713,59.5844,94.0742
BWA,COVID,pos,mort,2019,47.5758,35.8399,63.0822
BWA,Baseline,a,inc,2020,235.4755,186.4124,306.0911
BWA,Baseline,pos,inc,2020,115.0243,90.3626,144.8941
BWA,COVID,a,inc,2020,230.1991,182.9698,301.1649
BWA,COVID,pos,inc,2020,114.0242,89.0467,143.0549
BWA,Baseline,a,mort,2020,72.6177,56.8021,89.9565
BWA,Baseline,pos,mort,2020,45.6334,33.4491,58.7075
BWA,COVID,a,mort,2020,76.5481,60.2114,94.7259
BWA,COVID,pos,mort,2020,47.831,35.1552,62.2918
BWA,Baseline,a,inc,2021,229.4467,179.7865,300.4178
BWA,Baseline,pos,inc,2021,111.797,81.659,141.5592
BWA,COVID,a,inc,2021,234.7943,185.5412,307.4027
BWA,COVID,pos,inc,2021,114.7321,82.8674,147.9683
BWA,Baseline,a,mort,2021,70.3432,53.7589,87.5638
BWA,Baseline,pos,mort,2021,43.1551,30.142,56.8133
BWA,COVID,a,mort,2021,81.3715,62.6886,100.51
BWA,COVID,pos,mort,2021,49.6497,34.383,65.0159
BWA,Baseline,a,inc,2022,222.9638,173.1422,294.1346
BWA,Baseline,pos,inc,2022,108.1205,76.8406,138.234
BWA,COVID,a,inc,2022,240.5764,184.4373,314.4542
BWA,COVID,pos,inc,2022,114.7765,80.8958,146.0739
BWA,Baseline,a,mort,2022,68.3541,51.1031,85.6312
BWA,Baseline,pos,mort,2022,41.3391,27.1125,55.8271
BWA,COVID,a,mort,2022,79.7159,60.3017,98.434
BWA,COVID,pos,mort,2022,48.0629,31.0292,64.5903
BWA,Baseline,a,inc,2023,218.5999,165.6669,287.9951
BWA,Baseline,pos,inc,2023,104.8203,70.9001,135.6158
BWA,COVID,a,inc,2023,235.8808,178.4168,307.8683
BWA,COVID,pos,inc,2023,110.3027,76.6114,141.8777
BWA,Baseline,a,mort,2023,66.3157,49.2217,83.6848
BWA,Baseline,pos,mort,2023,40.0893,24.0295,54.2738
BWA,COVID,a,mort,2023,72.4145,53.7987,91.3772
BWA,COVID,pos,mort,2023,43.3494,26.0203,59.2929
BWA,Baseline,a,inc,2024,213.4879,157.5529,284.7052
BWA,Baseline,pos,inc,2024,102.8119,66.2483,133.1979
BWA,COVID,a,inc,2024,227.0519,169.0412,300.3726
BWA,COVID,pos,inc,2024,106.4432,70.2072,137.7841
BWA,Baseline,a,mort,2024,64.2876,47.0186,82.6299
BWA,Baseline,pos,mort,2024,39.176,21.6937,52.6744
BWA,COVID,a,mort,2024,68.87,50.3302,87.6743
BWA,COVID,pos,mort,2024,41.0866,23.2006,56.561
CHE,Baseline,a,inc,2019,5.3119,4.5179,6.2838
CHE,COVID,a,inc,2019,5.3119,4.5179,6.2838
CHE,Baseline,a,mort,2019,0.24583,0.22036,0.27538
CHE,COVID,a,mort,2019,0.24583,0.22036,0.27538
CHE,Baseline,a,inc,2020,5.2427,4.4701,6.1877
CHE,COVID,a,inc,2020,5.222,4.4299,6.1766
CHE,Baseline,a,mort,2020,0.24224,0.21687,0.27297
CHE,COVID,a,mort,2020,0.27733,0.24316,0.31293
CHE,Baseline,a,inc,2021,5.174,4.4126,6.1497
CHE,COVID,a,inc,2021,5.6269,4.753,6.7569
CHE,Baseline,a,mort,2021,0.23969,0.21425,0.27129
CHE,COVID,a,mort,2021,0.395,0.33244,0.45622
CHE,Baseline,a,inc,2022,5.1173,4.3582,6.0942
CHE,COVID,a,inc,2022,6.2504,5.0136,8.1221
CHE,Baseline,a,mort,2022,0.2372,0.21164,0.26853
CHE,COVID,a,mort,2022,0.41582,0.3521,0.51499
CHE,Baseline,a,inc,2023,5.0653,4.3076,6.0275
CHE,COVID,a,inc,2023,5.995,4.8243,8.0727
CHE,Baseline,a,mort,2023,0.23491,0.20916,0.26732
CHE,COVID,a,mort,2023,0.29782,0.2544,0.38617
CHE,Baseline,a,inc,2024,5.0198,4.2634,5.9648
CHE,COVID,a,inc,2024,5.6355,4.585,7.6229
CHE,Baseline,a,mort,2024,0.23286,0.20685,0.26664
CHE,COVID,a,mort,2024,0.2707,0.23301,0.35428
CHL,Baseline,a,inc,2019,17.9668,14.9298,20.384
CHL,COVID,a,inc,2019,17.9668,14.9298,20.384
CHL,Baseline,a,mort,2019,2.1923,2.0815,2.3113
CHL,COVID,a,mort,2019,2.1923,2.0815,2.3113
CHL,Baseline,a,inc,2020,17.7722,14.7932,20.3015
CHL,COVID,a,inc,2020,17.6457,14.6433,20.2708
CHL,Baseline,a,mort,2020,2.1697,2.0569,2.2934
CHL,COVID,a,mort,2020,2.4861,2.343,2.6682
CHL,Baseline,a,inc,2021,17.6695,14.652,20.2353
CHL,COVID,a,inc,2021,19.009,15.1743,22.2508
CHL,Baseline,a,mort,2021,2.1551,2.0365,2.2776
CHL,COVID,a,mort,2021,3.0851,2.7728,3.4321
CHL,Baseline,a,inc,2022,17.5354,14.5053,20.1768
CHL,COVID,a,inc,2022,20.4355,15.5644,25.6227
CHL,Baseline,a,mort,2022,2.138,2.0146,2.2666
CHL,COVID,a,mort,2022,3.1056,2.7655,3.6001
CHL,Baseline,a,inc,2023,17.4094,14.3571,20.1242
CHL,COVID,a,inc,2023,19.797,15.2696,24.8081
CHL,Baseline,a,mort,2023,2.1232,1.9892,2.2628
CHL,COVID,a,mort,2023,2.5047,2.1699,2.9719
CHL,Baseline,a,inc,2024,17.3192,14.2148,20.0975
CHL,COVID,a,inc,2024,18.9582,14.8235,23.6798
CHL,Baseline,a,mort,2024,2.1102,1.9706,2.2576
CHL,COVID,a,mort,2024,2.3428,2.0573,2.8089
CRI,Baseline,a,inc,2019,9.8886,7.8489,12.9754
CRI,COVID,a,inc,2019,9.8886,7.8489,12.9754
CRI,Baseline,a,mort,2019,0.96579,0.86161,1.0671
CRI,COVID,a,mort,2019,0.96579,0.86161,1.0671
CRI,Baseline,a,inc,2020,9.7989,7.7702,12.8789
CRI,COVID,a,inc,2020,9.7272,7.6924,12.7781
CRI,Baseline,a,mort,2020,0.95776,0.85205,1.063
CRI,COVID,a,mort,2020,1.0989,0.96576,1.2321
CRI,Baseline,a,inc,2021,9.7611,7.7008,12.7975
CRI,COVID,a,inc,2021,10.5176,8.1198,13.9155
CRI,Baseline,a,mort,2021,0.95082,0.84368,1.0603
CRI,COVID,a,mort,2021,1.3535,1.1726,1.5875
CRI,Baseline,a,inc,2022,9.7213,7.6375,12.7243
CRI,COVID,a,inc,2022,11.4556,8.4837,15.4785
CRI,Baseline,a,mort,2022,0.9446,0.83647,1.0577
CRI,COVID,a,mort,2022,1.3749,1.1537,1.6547
CRI,Baseline,a,inc,2023,9.6553,7.5627,12.6546
CRI,COVID,a,inc,2023,11.122,8.2461,15.1423
CRI,Baseline,a,mort,2023,0.93822,0.82701,1.051
CRI,COVID,a,mort,2023,1.1058,0.92407,1.3454
CRI,Baseline,a,inc,2024,9.6236,7.4914,12.5911
CRI,COVID,a,inc,2024,10.6549,7.942,14.4537
CRI,Baseline,a,mort,2024,0.9321,0.8178,1.046
CRI,COVID,a,mort,2024,1.0385,0.87333,1.2611
CUB,Baseline,a,inc,2019,6.4562,5.5411,7.7053
CUB,COVID,a,inc,2019,6.4562,5.5411,7.7053
CUB,Baseline,a,mort,2019,0.46505,0.41601,0.52981
CUB,COVID,a,mort,2019,0.46505,0.41601,0.52981
CUB,Baseline,a,inc,2020,6.4015,5.5043,7.6732
CUB,COVID,a,inc,2020,6.3313,5.3976,7.5893
CUB,Baseline,a,mort,2020,0.46088,0.40992,0.52919
CUB,COVID,a,mort,2020,0.53193,0.46165,0.61929
CUB,Baseline,a,inc,2021,6.3297,5.4594,7.6323
CUB,COVID,a,inc,2021,6.8121,5.8161,8.1326
CUB,Baseline,a,mort,2021,0.45785,0.40626,0.52863
CUB,COVID,a,mort,2021,0.6535,0.5546,0.7897
CUB,Baseline,a,inc,2022,6.2866,5.4106,7.5934
CUB,COVID,a,inc,2022,7.3737,6.0783,9.0942
CUB,Baseline,a,mort,2022,0.45549,0.40264,0.52807
CUB,COVID,a,mort,2022,0.65637,0.56021,0.81002
CUB,Baseline,a,inc,2023,6.2367,5.3607,7.5787
CUB,COVID,a,inc,2023,7.1811,5.8749,8.9432
CUB,Baseline,a,mort,2023,0.4536,0.39866,0.52728
CUB,COVID,a,mort,2023,0.52929,0.43997,0.65957
CUB,Baseline,a,inc,2024,6.2108,5.3205,7.5423
CUB,COVID,a,inc,2024,6.9009,5.6752,8.5171
CUB,Baseline,a,mort,2024,0.451,0.39414,0.52458
CUB,COVID,a,mort,2024,0.49822,0.41997,0.61842
DEU,Baseline,a,inc,2019,6.3421,5.4676,7.2609
DEU,COVID,a,inc,2019,6.3421,5.4676,7.2609
DEU,Baseline,a,mort,2019,0.34669,0.32606,0.36912
DEU,COVID,a,mort,2019,0.34669,0.32606,0.36912
DEU,Baseline,a,inc,2020,6.2603,5.403,7.1207
DEU,COVID,a,inc,2020,6.2183,5.3169,7.1087
DEU,Baseline,a,mort,2020,0.34181,0.32158,0.36625
DEU,COVID,a,mort,2020,0.39039,0.36225,0.42142
DEU,Baseline,a,inc,2021,6.177,5.3455,7.0321
DEU,COVID,a,inc,2021,6.7306,5.7591,7.768
DEU,Baseline,a,mort,2021,0.33769,0.31536,0.3625
DEU,COVID,a,mort,2021,0.55464,0.48611,0.62255
DEU,Baseline,a,inc,2022,6.1174,5.2872,6.9537
DEU,COVID,a,inc,2022,7.3903,6.223,9.5368
DEU,Baseline,a,mort,2022,0.33434,0.31131,0.36027
DEU,COVID,a,mort,2022,0.58061,0.51159,0.71569
DEU,Baseline,a,inc,2023,6.0611,5.232,6.8797
DEU,COVID,a,inc,2023,7.165,5.9537,9.3952
DEU,Baseline,a,mort,2023,0.33063,0.30757,0.35749
DEU,COVID,a,mort,2023,0.4184,0.36165,0.53881
DEU,Baseline,a,inc,2024,6.0209,5.1627,6.8221
DEU,COVID,a,inc,2024,6.7805,5.6593,8.8949
DEU,Baseline,a,mort,2024,0.32705,0.30401,0.35654
DEU,COVID,a,mort,2024,0.37901,0.33084,0.49778
DOM,Baseline,a,inc,2019,42.211,31.3843,53.3139
DOM,COVID,a,inc,2019,42.211,31.3843,53.3139
DOM,Baseline,a,mort,2019,3.9628,2.4447,6.0769
DOM,COVID,a,mort,2019,3.9628,2.4447,6.0769
DOM,Baseline,a,inc,2020,41.8173,31.3275,53.1147
DOM,COVID,a,inc,2020,41.3432,30.9392,52.7361
DOM,Baseline,a,mort,2020,3.9099,2.4228,6.0396
DOM,COVID,a,mort,2020,4.5572,2.8001,6.9539
DOM,Baseline,a,inc,2021,41.3656,31.2821,52.9452
DOM,COVID,a,inc,2021,44.5244,33.4301,57.1287
DOM,Baseline,a,mort,2021,3.9084,2.4027,6.0022
DOM,COVID,a,mort,2021,5.6432,3.3882,8.7125
DOM,Baseline,a,inc,2022,41.1221,31.173,52.7729
DOM,COVID,a,inc,2022,47.5448,34.3884,61.9921
DOM,Baseline,a,mort,2022,3.8593,2.3839,5.9663
DOM,COVID,a,mort,2022,5.6537,3.4168,8.9343
DOM,Baseline,a,inc,2023,40.9119,31.0565,52.7115
DOM,COVID,a,inc,2023,46.2964,33.6849,61.1597
DOM,Baseline,a,mort,2023,3.822,2.3661,5.9314
DOM,COVID,a,mort,2023,4.614,2.7462,7.4497
DOM,Baseline,a,inc,2024,40.5135,30.9506,52.673
DOM,COVID,a,inc,2024,44.5861,32.8929,58.9405
DOM,Baseline,a,mort,2024,3.8017,2.349,5.9228
DOM,COVID,a,mort,2024,4.3153,2.5704,7.0334
ECU,Baseline,a,inc,2019,45.1742,34.2345,58.3876
ECU,COVID,a,inc,2019,45.1742,34.2345,58.3876
ECU,Baseline,a,mort,2019,4.6281,3.9134,5.3964
ECU,COVID,a,mort,2019,4.6281,3.9134,5.3964
ECU,Baseline,a,inc,2020,44.6783,33.6792,57.831
ECU,COVID,a,inc,2020,44.2499,33.1891,57.2571
ECU,Baseline,a,mort,2020,4.566,3.87,5.3745
ECU,COVID,a,mort,2020,5.2787,4.4886,6.1796
ECU,Baseline,a,inc,2021,44.3273,33.2074,57.334
ECU,COVID,a,inc,2021,47.7433,35.4863,61.867
ECU,Baseline,a,mort,2021,4.5465,3.8258,5.3609
ECU,COVID,a,mort,2021,6.4943,5.4469,7.7996
ECU,Baseline,a,inc,2022,44.0525,32.8,56.877
ECU,COVID,a,inc,2022,51.1897,37.9352,68.6436
ECU,Baseline,a,mort,2022,4.4989,3.7899,5.3485
ECU,COVID,a,mort,2022,6.5003,5.3464,8.045
ECU,Baseline,a,inc,2023,43.744,32.4422,56.4473
ECU,COVID,a,inc,2023,50.0139,36.413,67.9798
ECU,Baseline,a,mort,2023,4.4647,3.7565,5.3369
ECU,COVID,a,mort,2023,5.2337,4.2084,6.6645
ECU,Baseline,a,inc,2024,43.5507,32.1228,56.0368
ECU,COVID,a,inc,2024,47.7977,34.6729,64.3136
ECU,Baseline,a,mort,2024,4.4425,3.7233,5.3259
ECU,COVID,a,mort,2024,4.9435,3.9882,6.2479
EST,Baseline,a,inc,2019,12.8054,10.9625,15.2708
EST,COVID,a,inc,2019,12.8054,10.9625,15.2708
EST,Baseline,a,mort,2019,1.4902,1.2883,1.7009
EST,COVID,a,mort,2019,1.4902,1.2883,1.7009
EST,Baseline,a,inc,2020,12.6242,10.781,15.1217
EST,COVID,a,inc,2020,12.5237,10.6692,15.0515
EST,Baseline,a,mort,2020,1.4651,1.2692,1.6755
EST,COVID,a,mort,2020,1.6717,1.4346,1.9331
EST,Baseline,a,inc,2021,12.4693,10.6151,14.9602
EST,COVID,a,inc,2021,13.5272,11.6458,16.5418
EST,Baseline,a,mort,2021,1.4406,1.2488,1.6498
EST,COVID,a,mort,2021,2.378,1.9543,2.8081
EST,Baseline,a,inc,2022,12.335,10.4824,14.7859
EST,COVID,a,inc,2022,15.0558,12.7674,19.9823
EST,Baseline,a,mort,2022,1.4247,1.2316,1.6368
EST,COVID,a,mort,2022,2.5094,2.1021,3.1328
EST,Baseline,a,inc,2023,12.2213,10.361,14.6573
EST,COVID,a,inc,2023,14.5546,12.4035,19.5664
EST,Baseline,a,mort,2023,1.4161,1.2192,1.6348
EST,COVID,a,mort,2023,1.8011,1.4645,2.3417
EST,Baseline,a,inc,2024,12.1094,10.2209,14.5736
EST,COVID,a,inc,2024,13.6835,11.5892,18.1992
EST,Baseline,a,mort,2024,1.4047,1.2077,1.6237
EST,COVID,a,mort,2024,1.6341,1.3522,2.1247
FIN,Baseline,a,inc,2019,4.6885,4.0026,5.4857
FIN,COVID,a,inc,2019,4.6885,4.0026,5.4857
FIN,Baseline,a,mort,2019,0.55533,0.5449,0.56554
FIN,COVID,a,mort,2019,0.55533,0.5449,0.56554
FIN,Baseline,a,inc,2020,4.6159,3.9513,5.3968
FIN,COVID,a,inc,2020,4.5758,3.8912,5.377
FIN,Baseline,a,mort,2020,0.54729,0.53541,0.56213
FIN,COVID,a,mort,2020,0.62673,0.59716,0.64816
FIN,Baseline,a,inc,2021,4.5542,3.9089,5.3339
FIN,COVID,a,inc,2021,4.9427,4.1969,5.8631
FIN,Baseline,a,mort,2021,0.5402,0.52559,0.56158
FIN,COVID,a,mort,2021,0.88936,0.78429,0.97795
FIN,Baseline,a,inc,2022,4.506,3.8708,5.3216
FIN,COVID,a,inc,2022,5.5656,4.6207,7.0006
FIN,Baseline,a,mort,2022,0.53376,0.51761,0.56243
FIN,COVID,a,mort,2022,0.93027,0.83228,1.1213
FIN,Baseline,a,inc,2023,4.4558,3.8351,5.26
FIN,COVID,a,inc,2023,5.3611,4.4915,6.988
FIN,Baseline,a,mort,2023,0.52779,0.50994,0.56327
FIN,COVID,a,mort,2023,0.66158,0.59621,0.85132
FIN,Baseline,a,inc,2024,4.4068,3.8011,5.2034
FIN,COVID,a,inc,2024,5.015,4.2352,6.5842
FIN,Baseline,a,mort,2024,0.52228,0.50269,0.56397
FIN,COVID,a,mort,2024,0.6033,0.5483,0.78435
FRA,Baseline,a,inc,2019,8.9709,8.0835,10.0277
FRA,COVID,a,inc,2019,8.9709,8.0835,10.0277
FRA,Baseline,a,mort,2019,0.79131,0.68226,0.90041
FRA,COVID,a,mort,2019,0.79131,0.68226,0.90041
FRA,Baseline,a,inc,2020,8.8514,7.9732,9.9406
FRA,COVID,a,inc,2020,8.792,7.9188,9.8175
FRA,Baseline,a,mort,2020,0.77934,0.67118,0.8856
FRA,COVID,a,mort,2020,0.89013,0.77441,1.0209
FRA,Baseline,a,inc,2021,8.7655,7.8323,9.8085
FRA,COVID,a,inc,2021,9.5307,8.295,11.0629
FRA,Baseline,a,mort,2021,0.7693,0.66074,0.87425
FRA,COVID,a,mort,2021,1.2545,1.0314,1.4749
FRA,Baseline,a,inc,2022,8.6796,7.7353,9.7033
FRA,COVID,a,inc,2022,10.6108,8.9635,13.7755
FRA,Baseline,a,mort,2022,0.76091,0.65301,0.86695
FRA,COVID,a,mort,2022,1.329,1.1057,1.6293
FRA,Baseline,a,inc,2023,8.5983,7.6451,9.6215
FRA,COVID,a,inc,2023,10.2158,8.6169,13.6127
FRA,Baseline,a,mort,2023,0.75295,0.64545,0.86561
FRA,COVID,a,mort,2023,0.95563,0.78302,1.249
FRA,Baseline,a,inc,2024,8.4983,7.5626,9.5847
FRA,COVID,a,inc,2024,9.5632,8.2283,12.7206
FRA,Baseline,a,mort,2024,0.74594,0.63824,0.86443
FRA,COVID,a,mort,2024,0.86757,0.71895,1.1497
GBR,Baseline,a,inc,2019,7.8852,7.1597,8.7644
GBR,COVID,a,inc,2019,7.8852,7.1597,8.7644
GBR,Baseline,a,mort,2019,0.50634,0.47263,0.54785
GBR,COVID,a,mort,2019,0.50634,0.47263,0.54785
GBR,Baseline,a,inc,2020,7.7907,7.0708,8.6537
GBR,COVID,a,inc,2020,7.6992,7.0179,8.572
GBR,Baseline,a,mort,2020,0.49822,0.46454,0.54318
GBR,COVID,a,mort,2020,0.57017,0.52416,0.62729
GBR,Baseline,a,inc,2021,7.6782,6.963,8.5838
GBR,COVID,a,inc,2021,8.3552,7.4336,9.6026
GBR,Baseline,a,mort,2021,0.49189,0.45736,0.53971
GBR,COVID,a,mort,2021,0.80574,0.6955,0.93495
GBR,Baseline,a,inc,2022,7.608,6.8661,8.5615
GBR,COVID,a,inc,2022,9.2702,7.9033,11.6691
GBR,Baseline,a,mort,2022,0.48604,0.45187,0.53413
GBR,COVID,a,mort,2022,0.85405,0.73674,1.0312
GBR,Baseline,a,inc,2023,7.529,6.7802,8.4755
GBR,COVID,a,inc,2023,8.9615,7.7054,11.5668
GBR,Baseline,a,mort,2023,0.48085,0.4468,0.53139
GBR,COVID,a,mort,2023,0.61011,0.52555,0.7839
GBR,Baseline,a,inc,2024,7.4405,6.7016,8.4147
GBR,COVID,a,inc,2024,8.4542,7.3473,10.845
GBR,Baseline,a,mort,2024,0.47574,0.44162,0.53143
GBR,COVID,a,mort,2024,0.55343,0.48443,0.71701
GEO,Baseline,a,inc,2019,73.9625,61.3581,86.8669
GEO,COVID,a,inc,2019,73.9625,61.3581,86.8669
GEO,Baseline,a,mort,2019,4.1752,3.7919,4.5263
GEO,COVID,a,mort,2019,4.1752,3.7919,4.5263
GEO,Baseline,a,inc,2020,72.8573,60.478,86.1077
GEO,COVID,a,inc,2020,72.4517,59.8208,85.0535
GEO,Baseline,a,mort,2020,4.1262,3.7341,4.4923
GEO,COVID,a,mort,2020,4.7062,4.1652,5.1869
GEO,Baseline,a,inc,2021,71.8449,59.6998,85.166
GEO,COVID,a,inc,2021,77.4848,64.1502,93.6395
GEO,Baseline,a,mort,2021,4.0726,3.6605,4.4474
GEO,COVID,a,mort,2021,6.6311,5.6002,7.549
GEO,Baseline,a,inc,2022,71.0995,58.9884,84.277
GEO,COVID,a,inc,2022,86.9955,70.2112,112.9569
GEO,Baseline,a,mort,2022,4.0254,3.5989,4.3994
GEO,COVID,a,mort,2022,6.9566,6.0278,8.4615
GEO,Baseline,a,inc,2023,70.3293,58.6167,83.7896
GEO,COVID,a,inc,2023,84.3138,68.0403,112.1856
GEO,Baseline,a,mort,2023,3.9774,3.5446,4.3556
GEO,COVID,a,mort,2023,4.9862,4.2137,6.4456
GEO,Baseline,a,inc,2024,69.6938,58.3116,83.4236
GEO,COVID,a,inc,2024,79.5931,64.7143,105.491
GEO,Baseline,a,mort,2024,3.9385,3.4968,4.3354
GEO,COVID,a,mort,2024,4.5245,3.8729,5.9575
GRD,Baseline,a,inc,2019,3.0829,2.6037,3.656
GRD,COVID,a,inc,2019,3.0829,2.6037,3.656
GRD,Baseline,a,mort,2019,2.1019,1.8283,2.4355
GRD,COVID,a,mort,2019,2.1019,1.8283,2.4355
GRD,Baseline,a,inc,2020,3.0583,2.5727,3.6462
GRD,COVID,a,inc,2020,3.0235,2.5447,3.6122
GRD,Baseline,a,mort,2020,2.082,1.8014,2.4274
GRD,COVID,a,mort,2020,2.3927,2.0868,2.8099
GRD,Baseline,a,inc,2021,3.0343,2.5441,3.6323
GRD,COVID,a,inc,2021,3.2328,2.6445,3.9456
GRD,Baseline,a,mort,2021,2.0681,1.7894,2.4131
GRD,COVID,a,mort,2021,2.9702,2.5108,3.5618
GRD,Baseline,a,inc,2022,3.0079,2.519,3.6196
GRD,COVID,a,inc,2022,3.461,2.7124,4.4428
GRD,Baseline,a,mort,2022,2.0536,1.7889,2.3946
GRD,COVID,a,mort,2022,2.9828,2.5745,3.579
GRD,Baseline,a,inc,2023,2.9881,2.4973,3.6069
GRD,COVID,a,inc,2023,3.388,2.6443,4.2744
GRD,Baseline,a,mort,2023,2.0458,1.7885,2.3789
GRD,COVID,a,mort,2023,2.4085,2.0362,2.9317
GRD,Baseline,a,inc,2024,2.9711,2.4738,3.5942
GRD,COVID,a,inc,2024,3.2574,2.5643,4.1425
GRD,Baseline,a,mort,2024,2.0325,1.7827,2.3689
GRD,COVID,a,mort,2024,2.2602,1.9217,2.7573
GTM,Baseline,a,inc,2019,25.6842,20.315,33.2018
GTM,COVID,a,inc,2019,25.6842,20.315,33.2018
GTM,Baseline,a,mort,2019,3.0042,2.5511,3.4324
GTM,COVID,a,mort,2019,3.0042,2.5511,3.4324
GTM,Baseline,a,inc,2020,25.428,20.1856,33.0008
GTM,COVID,a,inc,2020,25.2125,20.0276,32.6636
GTM,Baseline,a,mort,2020,2.977,2.514,3.4065
GTM,COVID,a,mort,2020,3.4167,2.8673,3.9121
GTM,Baseline,a,inc,2021,25.2619,20.0633,32.8602
GTM,COVID,a,inc,2021,27.0845,21.3266,35.9686
GTM,Baseline,a,mort,2021,2.9456,2.4873,3.3794
GTM,COVID,a,mort,2021,4.208,3.4841,4.9443
GTM,Baseline,a,inc,2022,25.1133,19.9533,32.6164
GTM,COVID,a,inc,2022,29.3029,21.88,40.1843
GTM,Baseline,a,mort,2022,2.925,2.4701,3.3535
GTM,COVID,a,mort,2022,4.2506,3.5085,5.0828
GTM,Baseline,a,inc,2023,24.9376,19.8466,32.3649
GTM,COVID,a,inc,2023,28.644,21.3201,38.2087
GTM,Baseline,a,mort,2023,2.9131,2.4487,3.3432
GTM,COVID,a,mort,2023,3.4392,2.7973,4.2228
GTM,Baseline,a,inc,2024,24.8118,19.7333,32.1209
GTM,COVID,a,inc,2024,27.476,20.5706,35.8085
GTM,Baseline,a,mort,2024,2.8927,2.4266,3.3335
GTM,COVID,a,mort,2024,3.2322,2.653,3.9456
GUY,Baseline,a,inc,2019,79.4696,62.0018,100.8207
GUY,COVID,a,inc,2019,79.4696,62.0018,100.8207
GUY,Baseline,a,mort,2019,15.9478,14.2279,18.1715
GUY,COVID,a,mort,2019,15.9478,14.2279,18.1715
GUY,Baseline,a,inc,2020,78.435,61.4956,100.0776
GUY,COVID,a,inc,2020,77.9523,60.916,98.7568
GUY,Baseline,a,mort,2020,15.8033,14.1255,17.9779
GUY,COVID,a,mort,2020,17.9789,16.1165,20.8906
GUY,Baseline,a,inc,2021,78.025,61.0572,99.5566
GUY,COVID,a,inc,2021,83.1545,64.3545,108.0824
GUY,Baseline,a,mort,2021,15.654,13.973,17.8993
GUY,COVID,a,mort,2021,22.1903,19.4969,26.3622
GUY,Baseline,a,inc,2022,77.576,60.6707,99.0954
GUY,COVID,a,inc,2022,90.3114,68.2543,122.3746
GUY,Baseline,a,mort,2022,15.5249,13.8333,17.8415
GUY,COVID,a,mort,2022,22.6518,19.4792,27.6512
GUY,Baseline,a,inc,2023,77.1133,60.3242,98.6341
GUY,COVID,a,inc,2023,87.9257,67.0932,117.5995
GUY,Baseline,a,mort,2023,15.4513,13.6875,17.7868
GUY,COVID,a,mort,2023,18.3088,15.3678,22.6967
GUY,Baseline,a,inc,2024,76.8556,60.0088,98.2026
GUY,COVID,a,inc,2024,84.2045,65.2015,111.541
GUY,Baseline,a,mort,2024,15.3366,13.5549,17.728
GUY,COVID,a,mort,2024,17.1606,14.5489,21.4287
HND,Baseline,a,inc,2019,30.9649,24.2353,39.3727
HND,COVID,a,inc,2019,30.9649,24.2353,39.3727
HND,Baseline,a,mort,2019,5.0149,4.2069,5.8318
HND,COVID,a,mort,2019,5.0149,4.2069,5.8318
HND,Baseline,a,inc,2020,30.4283,24.0732,39.0636
HND,COVID,a,inc,2020,30.2071,24.0248,38.4143
HND,Baseline,a,mort,2020,4.9828,4.1836,5.7735
HND,COVID,a,mort,2020,5.6753,4.7501,6.7327
HND,Baseline,a,inc,2021,30.2675,23.9235,38.7767
HND,COVID,a,inc,2021,32.6076,25.0441,43.5255
HND,Baseline,a,mort,2021,4.9429,4.1637,5.7297
HND,COVID,a,mort,2021,7.0401,5.8255,8.4382
HND,Baseline,a,inc,2022,30.144,23.759,38.5983
HND,COVID,a,inc,2022,35.1578,26.8679,49.1595
HND,Baseline,a,mort,2022,4.9026,4.1413,5.6937
HND,COVID,a,mort,2022,7.0913,5.9431,8.8108
HND,Baseline,a,inc,2023,30.0298,23.5711,38.4492
HND,COVID,a,inc,2023,34.2885,26.2151,47.9679
HND,Baseline,a,mort,2023,4.8715,4.1028,5.6597
HND,COVID,a,mort,2023,5.7385,4.6341,7.2675
HND,Baseline,a,inc,2024,29.704,23.3914,38.3701
HND,COVID,a,inc,2024,32.7185,25.3191,45.5532
HND,Baseline,a,mort,2024,4.8321,4.0665,5.6335
HND,COVID,a,mort,2024,5.3762,4.3616,6.8737
HUN,Baseline,a,inc,2019,6.271,5.4176,7.1903
HUN,COVID,a,inc,2019,6.271,5.4176,7.1903
HUN,Baseline,a,mort,2019,0.64305,0.60907,0.67222
HUN,COVID,a,mort,2019,0.64305,0.60907,0.67222
HUN,Baseline,a,inc,2020,6.1937,5.3464,7.0708
HUN,COVID,a,inc,2020,6.1638,5.305,7.0277
HUN,Baseline,a,mort,2020,0.63356,0.59795,0.66441
HUN,COVID,a,mort,2020,0.72612,0.67235,0.76555
HUN,Baseline,a,inc,2021,6.1099,5.2717,6.9914
HUN,COVID,a,inc,2021,6.5952,5.6682,7.7606
HUN,Baseline,a,mort,2021,0.62591,0.58732,0.65749
HUN,COVID,a,mort,2021,1.0269,0.88564,1.1351
HUN,Baseline,a,inc,2022,6.0372,5.2126,6.9383
HUN,COVID,a,inc,2022,7.2994,6.144,9.3498
HUN,Baseline,a,mort,2022,0.61766,0.57724,0.65123
HUN,COVID,a,mort,2022,1.0731,0.94744,1.2881
HUN,Baseline,a,inc,2023,5.9788,5.1588,6.8947
HUN,COVID,a,inc,2023,7.0773,5.989,9.121
HUN,Baseline,a,mort,2023,0.61098,0.56969,0.6499
HUN,COVID,a,mort,2023,0.76817,0.68551,0.97781
HUN,Baseline,a,inc,2024,5.9503,5.1088,6.8882
HUN,COVID,a,inc,2024,6.6633,5.6968,8.5591
HUN,Baseline,a,mort,2024,0.60535,0.56294,0.64825
HUN,COVID,a,mort,2024,0.69923,0.62919,0.90438
IRL,Baseline,a,inc,2019,5.7166,4.9463,6.6884
IRL,COVID,a,inc,2019,5.7166,4.9463,6.6884
IRL,Baseline,a,mort,2019,0.40729,0.37512,0.43666
IRL,COVID,a,mort,2019,0.40729,0.37512,0.43666
IRL,Baseline,a,inc,2020,5.6535,4.8579,6.5968
IRL,COVID,a,inc,2020,5.6256,4.8359,6.526
IRL,Baseline,a,mort,2020,0.402,0.36886,0.43136
IRL,COVID,a,mort,2020,0.45875,0.41435,0.49646
IRL,Baseline,a,inc,2021,5.588,4.7909,6.5169
IRL,COVID,a,inc,2021,6.0308,5.1479,7.2127
IRL,Baseline,a,mort,2021,0.39622,0.36355,0.4278
IRL,COVID,a,mort,2021,0.65308,0.55158,0.73441
IRL,Baseline,a,inc,2022,5.521,4.7238,6.4719
IRL,COVID,a,inc,2022,6.6953,5.5282,8.7199
IRL,Baseline,a,mort,2022,0.39125,0.35713,0.42315
IRL,COVID,a,mort,2022,0.68036,0.59393,0.83057
IRL,Baseline,a,inc,2023,5.4753,4.6638,6.4556
IRL,COVID,a,inc,2023,6.5221,5.3551,8.5034
IRL,Baseline,a,mort,2023,0.38715,0.35275,0.4191
IRL,COVID,a,mort,2023,0.49089,0.42603,0.62805
IRL,Baseline,a,inc,2024,5.425,4.6089,6.4193
IRL,COVID,a,inc,2024,6.1441,5.1136,7.9676
IRL,Baseline,a,mort,2024,0.38336,0.34866,0.41844
IRL,COVID,a,mort,2024,0.4459,0.38524,0.58356
ISR,Baseline,a,inc,2019,2.8878,2.4408,3.45
ISR,COVID,a,inc,2019,2.8878,2.4408,3.45
ISR,Baseline,a,mort,2019,0.25782,0.23897,0.27782
ISR,COVID,a,mort,2019,0.25782,0.23897,0.27782
ISR,Baseline,a,inc,2020,2.8452,2.4027,3.3974
ISR,COVID,a,inc,2020,2.8295,2.3808,3.385
ISR,Baseline,a,mort,2020,0.25384,0.23489,0.2736
ISR,COVID,a,mort,2020,0.29059,0.26659,0.31383
ISR,Baseline,a,inc,2021,2.8137,2.3703,3.3485
ISR,COVID,a,inc,2021,3.0658,2.5531,3.6272
ISR,Baseline,a,mort,2021,0.25056,0.23061,0.27136
ISR,COVID,a,mort,2021,0.40931,0.35793,0.46468
ISR,Baseline,a,inc,2022,2.7831,2.3419,3.3063
ISR,COVID,a,inc,2022,3.4108,2.7761,4.4297
ISR,Baseline,a,mort,2022,0.24798,0.22756,0.26944
ISR,COVID,a,mort,2022,0.43131,0.38123,0.53264
ISR,Baseline,a,inc,2023,2.755,2.3164,3.279
ISR,COVID,a,inc,2023,3.3203,2.7093,4.3214
ISR,Baseline,a,mort,2023,0.24538,0.22456,0.2681
ISR,COVID,a,mort,2023,0.30857,0.26651,0.40164
ISR,Baseline,a,inc,2024,2.7293,2.2929,3.2615
ISR,COVID,a,inc,2024,3.1118,2.5528,4.0802
ISR,Baseline,a,mort,2024,0.24331,0.2216,0.26773
ISR,COVID,a,mort,2024,0.28036,0.24391,0.36947
ITA,Baseline,a,inc,2019,5.9908,5.2627,6.8678
ITA,COVID,a,inc,2019,5.9908,5.2627,6.8678
ITA,Baseline,a,mort,2019,0.55338,0.5229,0.5871
ITA,COVID,a,mort,2019,0.55338,0.5229,0.5871
ITA,Baseline,a,inc,2020,5.9119,5.1836,6.7899
ITA,COVID,a,inc,2020,5.8651,5.1354,6.771
ITA,Baseline,a,mort,2020,0.54554,0.51436,0.57887
ITA,COVID,a,mort,2020,0.62437,0.58052,0.66716
ITA,Baseline,a,inc,2021,5.8379,5.1219,6.7287
ITA,COVID,a,inc,2021,6.3399,5.4734,7.5235
ITA,Baseline,a,mort,2021,0.53925,0.50706,0.5765
ITA,COVID,a,mort,2021,0.88561,0.78078,0.98571
ITA,Baseline,a,inc,2022,5.7797,5.0668,6.6856
ITA,COVID,a,inc,2022,7.0859,5.8977,9.1488
ITA,Baseline,a,mort,2022,0.53362,0.49893,0.57505
ITA,COVID,a,mort,2022,0.92817,0.83202,1.1275
ITA,Baseline,a,inc,2023,5.7161,5.0131,6.643
ITA,COVID,a,inc,2023,6.8841,5.6939,8.8238
ITA,Baseline,a,mort,2023,0.52747,0.49335,0.57508
ITA,COVID,a,mort,2023,0.66698,0.57503,0.85743
ITA,Baseline,a,inc,2024,5.6667,4.9632,6.6182
ITA,COVID,a,inc,2024,6.4856,5.3858,8.1853
ITA,Baseline,a,mort,2024,0.52145,0.48808,0.57483
ITA,COVID,a,mort,2024,0.60209,0.52793,0.79676
JAM,Baseline,a,inc,2019,3.1576,2.3786,3.9815
JAM,COVID,a,inc,2019,3.1576,2.3786,3.9815
JAM,Baseline,a,mort,2019,0.33402,0.27872,0.4119
JAM,COVID,a,mort,2019,0.33402,0.27872,0.4119
JAM,Baseline,a,inc,2020,3.1291,2.3572,3.9455
JAM,COVID,a,inc,2020,3.1085,2.3218,3.914
JAM,Baseline,a,mort,2020,0.33166,0.27336,0.40919
JAM,COVID,a,mort,2020,0.38229,0.31212,0.48123
JAM,Baseline,a,inc,2021,3.1041,2.338,3.9124
JAM,COVID,a,inc,2021,3.3309,2.4917,4.3115
JAM,Baseline,a,mort,2021,0.32901,0.27016,0.40769
JAM,COVID,a,mort,2021,0.47543,0.37908,0.61246
JAM,Baseline,a,inc,2022,3.0797,2.3205,3.8853
JAM,COVID,a,inc,2022,3.5889,2.5904,4.7196
JAM,Baseline,a,mort,2022,0.32791,0.26752,0.40652
JAM,COVID,a,mort,2022,0.47723,0.37947,0.6317
JAM,Baseline,a,inc,2023,3.0533,2.3041,3.874
JAM,COVID,a,inc,2023,3.5098,2.5027,4.6592
JAM,Baseline,a,mort,2023,0.32637,0.26511,0.40549
JAM,COVID,a,mort,2023,0.38553,0.29407,0.50463
JAM,Baseline,a,inc,2024,3.0328,2.286,3.8634
JAM,COVID,a,inc,2024,3.3715,2.4171,4.4619
JAM,Baseline,a,mort,2024,0.32416,0.26289,0.40484
JAM,COVID,a,mort,2024,0.36332,0.27952,0.47354
LTU,Baseline,a,inc,2019,41.7723,35.326,48.3016
LTU,COVID,a,inc,2019,41.7723,35.326,48.3016
LTU,Baseline,a,mort,2019,4.5609,4.3711,4.7747
LTU,COVID,a,mort,2019,4.5609,4.3711,4.7747
LTU,Baseline,a,inc,2020,41.1953,34.9501,47.9081
LTU,COVID,a,inc,2020,40.9856,34.5579,47.5988
LTU,Baseline,a,mort,2020,4.4906,4.2912,4.7504
LTU,COVID,a,mort,2020,5.1364,4.8255,5.4659
LTU,Baseline,a,inc,2021,40.6858,34.8666,47.2706
LTU,COVID,a,inc,2021,43.9834,37.3361,53.0207
LTU,Baseline,a,mort,2021,4.4372,4.2083,4.7251
LTU,COVID,a,mort,2021,7.2777,6.3016,8.1607
LTU,Baseline,a,inc,2022,40.4009,34.2982,46.7027
LTU,COVID,a,inc,2022,49.0197,40.1553,64.8022
LTU,Baseline,a,mort,2022,4.3857,4.1541,4.7288
LTU,COVID,a,mort,2022,7.629,6.734,9.4217
LTU,Baseline,a,inc,2023,39.9694,33.901,46.1869
LTU,COVID,a,inc,2023,47.4834,38.7133,62.9954
LTU,Baseline,a,mort,2023,4.3334,4.1063,4.7323
LTU,COVID,a,mort,2023,5.4418,4.841,7.113
LTU,Baseline,a,inc,2024,39.5311,33.5548,45.7107
LTU,COVID,a,inc,2024,44.5521,36.3231,59.341
LTU,Baseline,a,mort,2024,4.2818,4.0614,4.7297
LTU,COVID,a,mort,2024,4.9456,4.4513,6.5663
LUX,Baseline,a,inc,2019,8.9813,7.4622,10.1356
LUX,COVID,a,inc,2019,8.9813,7.4622,10.1357
LUX,Baseline,a,mort,2019,0.34614,0.29342,0.41755
LUX,COVID,a,mort,2019,0.34614,0.29342,0.41755
LUX,Baseline,a,inc,2020,8.8581,7.3553,10.019
LUX,COVID,a,inc,2020,8.7656,7.3215,9.896
LUX,Baseline,a,mort,2020,0.34116,0.28865,0.41482
LUX,COVID,a,mort,2020,0.38752,0.32183,0.47992
LUX,Baseline,a,inc,2021,8.7547,7.2687,9.9069
LUX,COVID,a,inc,2021,9.4683,7.8003,11.1879
LUX,Baseline,a,mort,2021,0.33788,0.28526,0.41411
LUX,COVID,a,mort,2021,0.54925,0.43763,0.71274
LUX,Baseline,a,inc,2022,8.6565,7.1994,9.8327
LUX,COVID,a,inc,2022,10.4958,8.5381,13.4468
LUX,Baseline,a,mort,2022,0.3332,0.28194,0.41425
LUX,COVID,a,mort,2022,0.58376,0.47795,0.76731
LUX,Baseline,a,inc,2023,8.5828,7.128,9.7382
LUX,COVID,a,inc,2023,10.1436,8.2307,13.3695
LUX,Baseline,a,mort,2023,0.32958,0.27891,0.4124
LUX,COVID,a,mort,2023,0.41848,0.33235,0.55747
LUX,Baseline,a,inc,2024,8.4893,7.0602,9.6791
LUX,COVID,a,inc,2024,9.5846,7.8282,12.6037
LUX,Baseline,a,mort,2024,0.32628,0.27609,0.40879
LUX,COVID,a,mort,2024,0.37926,0.3055,0.50442
MDA,Baseline,a,inc,2019,79.7277,67.5601,94.5222
MDA,COVID,a,inc,2019,79.7277,67.5601,94.5222
MDA,Baseline,a,mort,2019,6.7753,6.1457,7.4188
MDA,COVID,a,mort,2019,6.7753,6.1457,7.4188
MDA,Baseline,a,inc,2020,78.8513,66.7425,93.6316
MDA,COVID,a,inc,2020,78.3349,66.2281,92.5641
MDA,Baseline,a,mort,2020,6.6865,6.0659,7.3221
MDA,COVID,a,mort,2020,7.6251,6.8514,8.3954
MDA,Baseline,a,inc,2021,78.0489,66.0288,92.6618
MDA,COVID,a,inc,2021,84.4081,70.202,103.5173
MDA,Baseline,a,mort,2021,6.6017,5.9901,7.2268
MDA,COVID,a,mort,2021,10.7824,9.1699,12.3835
MDA,Baseline,a,inc,2022,77.2937,65.3804,91.7308
MDA,COVID,a,inc,2022,94.6709,75.4999,122.0053
MDA,Baseline,a,mort,2022,6.5277,5.9198,7.1462
MDA,COVID,a,mort,2022,11.35,9.7549,14.1974
MDA,Baseline,a,inc,2023,76.584,64.7762,90.6554
MDA,COVID,a,inc,2023,91.751,72.7094,119.3635
MDA,Baseline,a,mort,2023,6.4606,5.8619,7.124
MDA,COVID,a,mort,2023,8.1506,7.0506,10.6032
MDA,Baseline,a,inc,2024,75.8791,64.015,89.6788
MDA,COVID,a,inc,2024,86.1077,69.0545,111.9499
MDA,Baseline,a,mort,2024,6.3895,5.8092,7.1276
MDA,COVID,a,mort,2024,7.4234,6.4604,9.7232
MNE,Baseline,a,inc,2019,14.826,12.938,17.297
MNE,COVID,a,inc,2019,14.826,12.938,17.297
MNE,Baseline,a,mort,2019,0.19899,0.17881,0.2229
MNE,COVID,a,mort,2019,0.19899,0.17881,0.2229
MNE,Baseline,a,inc,2020,14.6114,12.7475,17.0368
MNE,COVID,a,inc,2020,14.5044,12.6317,16.9563
MNE,Baseline,a,mort,2020,0.19611,0.17601,0.21952
MNE,COVID,a,mort,2020,0.22409,0.19761,0.25115
MNE,Baseline,a,inc,2021,14.4368,12.5524,16.813
MNE,COVID,a,inc,2021,15.6878,13.3245,18.2834
MNE,Baseline,a,mort,2021,0.1938,0.17354,0.21637
MNE,COVID,a,mort,2021,0.31719,0.26993,0.36591
MNE,Baseline,a,inc,2022,14.2989,12.4081,16.6144
MNE,COVID,a,inc,2022,17.5316,14.0467,22.5886
MNE,Baseline,a,mort,2022,0.19157,0.17156,0.2138
MNE,COVID,a,mort,2022,0.33284,0.28545,0.40955
MNE,Baseline,a,inc,2023,14.1444,12.2733,16.432
MNE,COVID,a,inc,2023,16.9333,13.7258,22.3999
MNE,Baseline,a,mort,2023,0.18956,0.16891,0.21342
MNE,COVID,a,mort,2023,0.2378,0.19957,0.30827
MNE,Baseline,a,inc,2024,14.025,12.145,16.2921
MNE,COVID,a,inc,2024,15.931,13.1297,21.0713
MNE,Baseline,a,mort,2024,0.18756,0.16592,0.21292
MNE,COVID,a,mort,2024,0.21454,0.18264,0.2839
NAM,Baseline,a,inc,2019,475.109,349.7622,612.5961
NAM,Baseline,pos,inc,2019,152.2825,111.0958,204.3389
NAM,COVID,a,inc,2019,475.109,349.7622,612.5961
NAM,COVID,pos,inc,2019,152.2825,111.0958,204.3389
NAM,Baseline,a,mort,2019,104.05,78.0661,136.7723
NAM,Baseline,pos,mort,2019,48.8948,34.0443,69.8481
NAM,COVID,a,mort,2019,104.05,78.0661,136.7723
NAM,COVID,pos,mort,2019,48.8948,34.0443,69.8481
NAM,Baseline,a,inc,2020,460.1232,340.9254,591.5555
NAM,Baseline,pos,inc,2020,144.4698,103.2757,199.5614
NAM,COVID,a,inc,2020,451.3102,332.8655,576.2544
NAM,COVID,pos,inc,2020,141.474,101.7293,195.1137
NAM,Baseline,a,mort,2020,98.6119,74.6182,133.6861
NAM,Baseline,pos,mort,2020,46.4748,31.7349,68.2393
NAM,COVID,a,mort,2020,104.5108,79.2368,142.3219
NAM,COVID,pos,mort,2020,48.3952,33.107,70.4259
NAM,Baseline,a,inc,2021,447.7916,323.1822,579.1102
NAM,Baseline,pos,inc,2021,138.3326,97.1511,196.5428
NAM,COVID,a,inc,2021,457.4261,329.006,590.1085
NAM,COVID,pos,inc,2021,142.1166,98.6478,199.5774
NAM,Baseline,a,mort,2021,95.6746,70.3748,131.2939
NAM,Baseline,pos,mort,2021,44.7551,29.4527,64.9801
NAM,COVID,a,mort,2021,109.7236,82.8851,155.7459
NAM,COVID,pos,mort,2021,51.1644,33.4995,73.9058
NAM,Baseline,a,inc,2022,437.9295,308.3596,568.5261
NAM,Baseline,pos,inc,2022,134.9241,90.4685,190.5585
NAM,COVID,a,inc,2022,468.3022,334.1874,610.3521
NAM,COVID,pos,inc,2022,142.9419,96.0464,200.8771
NAM,Baseline,a,mort,2022,92.961,66.4579,129.7462
NAM,Baseline,pos,mort,2022,43.3276,27.4877,63.1558
NAM,COVID,a,mort,2022,108.1839,78.1087,153.6207
NAM,COVID,pos,mort,2022,49.8736,31.9485,71.1039
NAM,Baseline,a,inc,2023,424.9558,296.0556,561.0666
NAM,Baseline,pos,inc,2023,130.7547,86.5753,186.8951
NAM,COVID,a,inc,2023,460.9234,321.0989,603.6492
NAM,COVID,pos,inc,2023,137.6307,92.9713,194.4427
NAM,Baseline,a,mort,2023,90.2836,63.2214,128.3517
NAM,Baseline,pos,mort,2023,41.8197,26.0164,61.8206
NAM,COVID,a,mort,2023,98.7264,69.5668,141.7141
NAM,COVID,pos,mort,2023,45.1222,28.5013,65.5776
NAM,Baseline,a,inc,2024,415.2553,285.2909,553.5938
NAM,Baseline,pos,inc,2024,127.1996,83.0265,182.9872
NAM,COVID,a,inc,2024,445.4277,305.4064,589.6028
NAM,COVID,pos,inc,2024,132.6577,87.3204,189.0645
NAM,Baseline,a,mort,2024,87.7856,61.2806,125.845
NAM,Baseline,pos,mort,2024,40.4951,24.0179,60.5847
NAM,COVID,a,mort,2024,93.9468,65.5915,136.5132
NAM,COVID,pos,mort,2024,42.5828,25.4374,62.7732
NIC,Baseline,a,inc,2019,42.487,33.2258,54.6233
NIC,COVID,a,inc,2019,42.487,33.2258,54.6233
NIC,Baseline,a,mort,2019,2.6613,2.2398,3.078
NIC,COVID,a,mort,2019,2.6613,2.2398,3.078
NIC,Baseline,a,inc,2020,41.9934,33.0187,54.2242
NIC,COVID,a,inc,2020,41.9558,32.9148,54.2669
NIC,Baseline,a,mort,2020,2.6476,2.234,3.0318
NIC,COVID,a,mort,2020,3.0304,2.4851,3.493
NIC,Baseline,a,inc,2021,41.8429,32.8816,53.8365
NIC,COVID,a,inc,2021,44.8981,35.5438,58.2083
NIC,Baseline,a,mort,2021,2.63,2.219,2.9955
NIC,COVID,a,mort,2021,3.7819,2.9763,4.4712
NIC,Baseline,a,inc,2022,41.5943,32.6699,53.4737
NIC,COVID,a,inc,2022,48.4508,36.7269,65.0411
NIC,Baseline,a,mort,2022,2.6064,2.198,2.9736
NIC,COVID,a,mort,2022,3.7881,3.0597,4.5469
NIC,Baseline,a,inc,2023,41.3528,32.4172,53.276
NIC,COVID,a,inc,2023,47.3459,35.6508,63.226
NIC,Baseline,a,mort,2023,2.5882,2.1784,2.9611
NIC,COVID,a,mort,2023,3.032,2.4374,3.6855
NIC,Baseline,a,inc,2024,41.2495,32.2625,53.0888
NIC,COVID,a,inc,2024,45.4144,34.5004,60.1065
NIC,Baseline,a,mort,2024,2.5772,2.1598,2.9498
NIC,COVID,a,mort,2024,2.8492,2.3117,3.4906
NLD,Baseline,a,inc,2019,4.9584,4.3181,5.7875
NLD,COVID,a,inc,2019,4.9584,4.3181,5.7875
NLD,Baseline,a,mort,2019,0.19829,0.17778,0.21458
NLD,COVID,a,mort,2019,0.19829,0.17778,0.21458
NLD,Baseline,a,inc,2020,4.8902,4.2616,5.7016
NLD,COVID,a,inc,2020,4.8414,4.219,5.653
NLD,Baseline,a,mort,2020,0.19557,0.17474,0.21174
NLD,COVID,a,mort,2020,0.22216,0.20025,0.24451
NLD,Baseline,a,inc,2021,4.8347,4.2003,5.6283
NLD,COVID,a,inc,2021,5.2338,4.4842,6.2395
NLD,Baseline,a,mort,2021,0.19275,0.17234,0.21025
NLD,COVID,a,mort,2021,0.31282,0.27158,0.35937
NLD,Baseline,a,inc,2022,4.7779,4.1473,5.5635
NLD,COVID,a,inc,2022,5.8886,4.9419,7.6935
NLD,Baseline,a,mort,2022,0.19146,0.17025,0.20914
NLD,COVID,a,mort,2022,0.33046,0.28663,0.40957
NLD,Baseline,a,inc,2023,4.7256,4.1008,5.5234
NLD,COVID,a,inc,2023,5.714,4.772,7.5924
NLD,Baseline,a,mort,2023,0.18945,0.16838,0.20838
NLD,COVID,a,mort,2023,0.23788,0.20556,0.31087
NLD,Baseline,a,inc,2024,4.6851,4.0591,5.502
NLD,COVID,a,inc,2024,5.362,4.5399,7.0578
NLD,Baseline,a,mort,2024,0.1877,0.16633,0.20784
NLD,COVID,a,mort,2024,0.21641,0.1877,0.28311
PRI,Baseline,a,inc,2019,1.4078,1.2032,1.6233
PRI,COVID,a,inc,2019,1.4078,1.2032,1.6233
PRI,Baseline,a,mort,2019,0.17825,0.15846,0.20313
PRI,COVID,a,mort,2019,0.17825,0.15846,0.20313
PRI,Baseline,a,inc,2020,1.3924,1.1907,1.6151
PRI,COVID,a,inc,2020,1.3872,1.1847,1.6051
PRI,Baseline,a,mort,2020,0.17681,0.15683,0.20037
PRI,COVID,a,mort,2020,0.20187,0.17759,0.2315
PRI,Baseline,a,inc,2021,1.3833,1.1813,1.6099
PRI,COVID,a,inc,2021,1.4712,1.2553,1.7832
PRI,Baseline,a,mort,2021,0.17536,0.15532,0.19846
PRI,COVID,a,mort,2021,0.25017,0.21073,0.29003
PRI,Baseline,a,inc,2022,1.3731,1.1734,1.6099
PRI,COVID,a,inc,2022,1.5813,1.3111,2.0403
PRI,Baseline,a,mort,2022,0.17365,0.15375,0.19802
PRI,COVID,a,mort,2022,0.25247,0.21181,0.29864
PRI,Baseline,a,inc,2023,1.3622,1.1658,1.606
PRI,COVID,a,inc,2023,1.5467,1.2791,1.989
PRI,Baseline,a,mort,2023,0.17271,0.15232,0.19697
PRI,COVID,a,mort,2023,0.20441,0.16845,0.24394
PRI,Baseline,a,inc,2024,1.351,1.1572,1.601
PRI,COVID,a,inc,2024,1.4829,1.2332,1.8912
PRI,Baseline,a,mort,2024,0.17218,0.15095,0.1959
PRI,COVID,a,mort,2024,0.19169,0.15969,0.22999
PRT,Baseline,a,inc,2019,18.9207,16.8569,21.4549
PRT,COVID,a,inc,2019,18.9207,16.8569,21.4549
PRT,Baseline,a,mort,2019,2.6869,2.5914,2.7952
PRT,COVID,a,mort,2019,2.6869,2.5914,2.7952
PRT,Baseline,a,inc,2020,18.6508,16.6184,21.1313
PRT,COVID,a,inc,2020,18.5152,16.4358,21.0577
PRT,Baseline,a,mort,2020,2.6447,2.5529,2.7713
PRT,COVID,a,mort,2020,3.0274,2.8612,3.2037
PRT,Baseline,a,inc,2021,18.4444,16.382,20.9356
PRT,COVID,a,inc,2021,19.989,17.5566,22.9873
PRT,Baseline,a,mort,2021,2.6121,2.5102,2.7511
PRT,COVID,a,mort,2021,4.293,3.7578,4.7908
PRT,Baseline,a,inc,2022,18.2284,16.1665,20.8215
PRT,COVID,a,inc,2022,22.1541,19.1997,28.3154
PRT,Baseline,a,mort,2022,2.5799,2.4709,2.7369
PRT,COVID,a,mort,2022,4.5003,3.9978,5.4666
PRT,Baseline,a,inc,2023,18.0439,16.0045,20.6138
PRT,COVID,a,inc,2023,21.5519,18.5608,28.12
PRT,Baseline,a,mort,2023,2.5525,2.4341,2.7313
PRT,COVID,a,mort,2023,3.2225,2.8431,4.1189
PRT,Baseline,a,inc,2024,17.858,15.8483,20.4238
PRT,COVID,a,inc,2024,20.2099,17.5523,26.4938
PRT,Baseline,a,mort,2024,2.525,2.4013,2.7334
PRT,COVID,a,mort,2024,2.9209,2.6212,3.804
PRY,Baseline,a,inc,2019,45.9328,39.7766,51.7207
PRY,COVID,a,inc,2019,45.9328,39.7766,51.7207
PRY,Baseline,a,mort,2019,4.163,3.7344,4.7115
PRY,COVID,a,mort,2019,4.163,3.7344,4.7115
PRY,Baseline,a,inc,2020,45.5145,39.4944,51.4275
PRY,COVID,a,inc,2020,45.1679,39.3415,51.3904
PRY,Baseline,a,mort,2020,4.1221,3.6906,4.6714
PRY,COVID,a,mort,2020,4.7215,4.1956,5.4312
PRY,Baseline,a,inc,2021,45.2068,38.9839,51.1632
PRY,COVID,a,inc,2021,47.8208,41.5701,56.9925
PRY,Baseline,a,mort,2021,4.0832,3.6598,4.6527
PRY,COVID,a,mort,2021,5.8831,5.055,6.8977
PRY,Baseline,a,inc,2022,44.8286,38.6862,50.9188
PRY,COVID,a,inc,2022,51.169,43.7649,63.0858
PRY,Baseline,a,mort,2022,4.0665,3.6326,4.6355
PRY,COVID,a,mort,2022,5.9224,5.077,7.121
PRY,Baseline,a,inc,2023,44.4488,38.4121,50.6884
PRY,COVID,a,inc,2023,50.2947,42.0248,61.591
PRY,Baseline,a,mort,2023,4.046,3.6077,4.6195
PRY,COVID,a,mort,2023,4.7971,4.0089,5.8276
PRY,Baseline,a,inc,2024,44.1076,38.1535,50.4679
PRY,COVID,a,inc,2024,48.1174,40.4456,58.6789
PRY,Baseline,a,mort,2024,4.0287,3.5844,4.6043
PRY,COVID,a,mort,2024,4.5049,3.8374,5.5308
SRB,Baseline,a,inc,2019,13.8687,11.8625,16.4286
SRB,COVID,a,inc,2019,13.8687,11.8625,16.4286
SRB,Baseline,a,mort,2019,1.0951,0.97904,1.2178
SRB,COVID,a,mort,2019,1.0951,0.97904,1.2178
SRB,Baseline,a,inc,2020,13.6897,11.6704,16.1808
SRB,COVID,a,inc,2020,13.5531,11.5859,15.8902
SRB,Baseline,a,mort,2020,1.0793,0.96657,1.2024
SRB,COVID,a,mort,2020,1.2337,1.1043,1.3777
SRB,Baseline,a,inc,2021,13.5251,11.5382,15.963
SRB,COVID,a,inc,2021,14.6463,12.4421,17.3479
SRB,Baseline,a,mort,2021,1.0665,0.95601,1.1914
SRB,COVID,a,mort,2021,1.731,1.5104,1.9975
SRB,Baseline,a,inc,2022,13.3805,11.418,15.7822
SRB,COVID,a,inc,2022,16.2434,13.4127,21.1978
SRB,Baseline,a,mort,2022,1.0526,0.94447,1.1776
SRB,COVID,a,mort,2022,1.8383,1.5929,2.2908
SRB,Baseline,a,inc,2023,13.2501,11.3042,15.642
SRB,COVID,a,inc,2023,15.7738,13.0111,20.9119
SRB,Baseline,a,mort,2023,1.0414,0.93294,1.1707
SRB,COVID,a,mort,2023,1.3177,1.1194,1.7381
SRB,Baseline,a,inc,2024,13.119,11.1948,15.4721
SRB,COVID,a,inc,2024,14.8365,12.3333,19.6666
SRB,Baseline,a,mort,2024,1.0307,0.92222,1.1702
SRB,COVID,a,mort,2024,1.1931,1.0228,1.6013
SUR,Baseline,a,inc,2019,28.3085,21.628,35.7748
SUR,COVID,a,inc,2019,28.3085,21.628,35.7748
SUR,Baseline,a,mort,2019,4.0251,3.3185,4.851
SUR,COVID,a,mort,2019,4.0251,3.3185,4.851
SUR,Baseline,a,inc,2020,28.0639,21.3818,35.4139
SUR,COVID,a,inc,2020,27.942,21.2217,35.1285
SUR,Baseline,a,mort,2020,3.9814,3.2855,4.8078
SUR,COVID,a,mort,2020,4.5217,3.7035,5.611
SUR,Baseline,a,inc,2021,27.8755,21.172,35.0947
SUR,COVID,a,inc,2021,29.8637,22.3609,37.8628
SUR,Baseline,a,mort,2021,3.9508,3.2393,4.7655
SUR,COVID,a,mort,2021,5.6415,4.4824,7.0552
SUR,Baseline,a,inc,2022,27.7728,20.9852,34.8054
SUR,COVID,a,inc,2022,32.3108,23.775,42.4386
SUR,Baseline,a,mort,2022,3.9213,3.1985,4.7484
SUR,COVID,a,mort,2022,5.7136,4.5403,7.1108
SUR,Baseline,a,inc,2023,27.5758,20.8153,34.6571
SUR,COVID,a,inc,2023,31.5952,23.2687,41.8368
SUR,Baseline,a,mort,2023,3.8954,3.1736,4.7269
SUR,COVID,a,mort,2023,4.6324,3.634,5.7725
SUR,Baseline,a,inc,2024,27.3676,20.658,34.5351
SUR,COVID,a,inc,2024,30.2094,22.3958,40.0482
SUR,Baseline,a,mort,2024,3.8583,3.1499,4.7062
SUR,COVID,a,mort,2024,4.334,3.4157,5.4725
SVK,Baseline,a,inc,2019,4.4314,3.88,5.153
SVK,COVID,a,inc,2019,4.4314,3.88,5.153
SVK,Baseline,a,mort,2019,0.65501,0.63584,0.67744
SVK,COVID,a,mort,2019,0.65501,0.63584,0.67744
SVK,Baseline,a,inc,2020,4.367,3.8255,5.0822
SVK,COVID,a,inc,2020,4.3301,3.7962,5.0702
SVK,Baseline,a,mort,2020,0.64587,0.62422,0.67242
SVK,COVID,a,mort,2020,0.73791,0.6954,0.77466
SVK,Baseline,a,inc,2021,4.308,3.7727,5.0218
SVK,COVID,a,inc,2021,4.6954,4.0644,5.6069
SVK,Baseline,a,mort,2021,0.6377,0.61479,0.66772
SVK,COVID,a,mort,2021,1.0431,0.91577,1.1676
SVK,Baseline,a,inc,2022,4.2657,3.7252,4.96
SVK,COVID,a,inc,2022,5.1978,4.3155,6.5649
SVK,Baseline,a,mort,2022,0.63028,0.60376,0.66753
SVK,COVID,a,mort,2022,1.0914,0.98159,1.3323
SVK,Baseline,a,inc,2023,4.2213,3.682,4.9137
SVK,COVID,a,inc,2023,5.0045,4.1673,6.5221
SVK,Baseline,a,mort,2023,0.62316,0.59572,0.66759
SVK,COVID,a,mort,2023,0.78056,0.70244,1.009
SVK,Baseline,a,inc,2024,4.1748,3.642,4.8881
SVK,COVID,a,inc,2024,4.707,3.9438,6.1599
SVK,Baseline,a,mort,2024,0.61693,0.58835,0.66772
SVK,COVID,a,mort,2024,0.70723,0.64346,0.93098
SVN,Baseline,a,inc,2019,5.3241,4.5854,6.278
SVN,COVID,a,inc,2019,5.3241,4.5854,6.278
SVN,Baseline,a,mort,2019,0.70538,0.67117,0.73783
SVN,COVID,a,mort,2019,0.70538,0.67117,0.73783
SVN,Baseline,a,inc,2020,5.2407,4.5152,6.1995
SVN,COVID,a,inc,2020,5.1921,4.4473,6.1785
SVN,Baseline,a,mort,2020,0.69556,0.65815,0.72942
SVN,COVID,a,mort,2020,0.79531,0.7427,0.83169
SVN,Baseline,a,inc,2021,5.1737,4.4669,6.137
SVN,COVID,a,inc,2021,5.6377,4.8104,6.8072
SVN,Baseline,a,mort,2021,0.68665,0.64708,0.7208
SVN,COVID,a,mort,2021,1.1291,0.98236,1.2346
SVN,Baseline,a,inc,2022,5.1184,4.4307,6.0621
SVN,COVID,a,inc,2022,6.2721,5.1742,7.9109
SVN,Baseline,a,mort,2022,0.67879,0.63634,0.71804
SVN,COVID,a,mort,2022,1.1765,1.0685,1.4288
SVN,Baseline,a,inc,2023,5.0672,4.3867,5.9946
SVN,COVID,a,inc,2023,6.0726,4.9965,7.8779
SVN,Baseline,a,mort,2023,0.67177,0.62769,0.7185
SVN,COVID,a,mort,2023,0.83986,0.74745,1.0775
SVN,Baseline,a,inc,2024,5.0189,4.346,5.9324
SVN,COVID,a,inc,2024,5.7007,4.7432,7.483
SVN,Baseline,a,mort,2024,0.66447,0.62002,0.71959
SVN,COVID,a,mort,2024,0.76089,0.68476,0.99196
SWE,Baseline,a,inc,2019,5.4084,4.5974,6.3702
SWE,COVID,a,inc,2019,5.4084,4.5974,6.3702
SWE,Baseline,a,mort,2019,0.2387,0.22929,0.24938
SWE,COVID,a,mort,2019,0.2387,0.22929,0.24938
SWE,Baseline,a,inc,2020,5.3508,4.547,6.3113
SWE,COVID,a,inc,2020,5.2774,4.5129,6.2473
SWE,Baseline,a,mort,2020,0.23509,0.22553,0.24535
SWE,COVID,a,mort,2020,0.26864,0.25337,0.28159
SWE,Baseline,a,inc,2021,5.2848,4.5076,6.3099
SWE,COVID,a,inc,2021,5.7001,4.8546,7.1191
SWE,Baseline,a,mort,2021,0.23209,0.22219,0.24178
SWE,COVID,a,mort,2021,0.38094,0.33344,0.41622
SWE,Baseline,a,inc,2022,5.2224,4.4733,6.2984
SWE,COVID,a,inc,2022,6.3001,5.1983,8.7958
SWE,Baseline,a,mort,2022,0.22938,0.21857,0.24034
SWE,COVID,a,mort,2022,0.39871,0.36098,0.48077
SWE,Baseline,a,inc,2023,5.1694,4.4011,6.2611
SWE,COVID,a,inc,2023,6.1328,5.0835,8.5606
SWE,Baseline,a,mort,2023,0.22709,0.21553,0.24026
SWE,COVID,a,mort,2023,0.28371,0.253,0.36323
SWE,Baseline,a,inc,2024,5.1131,4.3281,6.2036
SWE,COVID,a,inc,2024,5.8086,4.8136,8.0001
SWE,Baseline,a,mort,2024,0.22458,0.21177,0.24055
SWE,COVID,a,mort,2024,0.25909,0.23317,0.33564
SWZ,Baseline,a,inc,2019,360.9299,221.9284,529.6617
SWZ,Baseline,pos,inc,2019,211.2911,127.8841,320.8203
SWZ,COVID,a,inc,2019,360.9299,221.9284,529.6617
SWZ,COVID,pos,inc,2019,211.2911,127.8841,320.8203
SWZ,Baseline,a,mort,2019,81.7553,53.9276,116.9969
SWZ,Baseline,pos,mort,2019,60.577,34.4683,93.7891
SWZ,COVID,a,mort,2019,81.7553,53.9276,116.9969
SWZ,COVID,pos,mort,2019,60.577,34.4683,93.7891
SWZ,Baseline,a,inc,2020,350.3146,215.5946,509.133
SWZ,Baseline,pos,inc,2020,201.7746,120.9267,315.1242
SWZ,COVID,a,inc,2020,341.7088,209.5147,500.8025
SWZ,COVID,pos,inc,2020,197.7137,118.4007,308.8035
SWZ,Baseline,a,mort,2020,77.967,51.0012,112.4582
SWZ,Baseline,pos,mort,2020,57.5609,31.9181,90.9915
SWZ,COVID,a,mort,2020,81.2384,54.0678,119.848
SWZ,COVID,pos,mort,2020,59.6214,33.636,94.3581
SWZ,Baseline,a,inc,2021,341.2323,211.9196,490.9409
SWZ,Baseline,pos,inc,2021,195.3699,113.3923,309.789
SWZ,COVID,a,inc,2021,348.2126,215.9106,509.1393
SWZ,COVID,pos,inc,2021,199.2021,115.9348,316.7201
SWZ,Baseline,a,mort,2021,74.2519,48.4685,110.0749
SWZ,Baseline,pos,mort,2021,54.3642,28.6558,88.7238
SWZ,COVID,a,mort,2021,85.2892,56.5185,130.1168
SWZ,COVID,pos,mort,2021,61.9575,32.4627,101.0509
SWZ,Baseline,a,inc,2022,331.4926,207.9537,477.8353
SWZ,Baseline,pos,inc,2022,189.4255,107.792,304.0824
SWZ,COVID,a,inc,2022,356.3743,222.3576,524.7632
SWZ,COVID,pos,inc,2022,198.202,115.8481,313.7082
SWZ,Baseline,a,mort,2022,72.1775,45.9504,108.2402
SWZ,Baseline,pos,mort,2022,52.2524,26.1487,86.6187
SWZ,COVID,a,mort,2022,83.0632,53.3392,128.2164
SWZ,COVID,pos,mort,2022,60.1475,30.5059,98.8036
SWZ,Baseline,a,inc,2023,323.1083,204.1815,466.7914
SWZ,Baseline,pos,inc,2023,181.7766,103.1123,295.6754
SWZ,COVID,a,inc,2023,344.7272,219.7069,513.6894
SWZ,COVID,pos,inc,2023,191.7614,110.1863,306.0495
SWZ,Baseline,a,mort,2023,70.1143,43.4518,105.897
SWZ,Baseline,pos,mort,2023,50.306,24.6554,84.6425
SWZ,COVID,a,mort,2023,75.8721,47.9803,117.7046
SWZ,COVID,pos,mort,2023,54.7819,27.3301,91.1322
SWZ,Baseline,a,inc,2024,315.891,200.5397,459.6994
SWZ,Baseline,pos,inc,2024,176.6872,99.064,287.8311
SWZ,COVID,a,inc,2024,334.6761,214.2947,498.0961
SWZ,COVID,pos,inc,2024,183.7545,104.4102,297.3697
SWZ,Baseline,a,mort,2024,67.7468,41.0563,103.8808
SWZ,Baseline,pos,mort,2024,49.0107,23.3977,83.0335
SWZ,COVID,a,mort,2024,72.0102,44.5322,112.3768
SWZ,COVID,pos,mort,2024,51.5025,25.3316,87.3339
SXM,Baseline,a,inc,2019,13.78,12.1891,15.9853
SXM,COVID,a,inc,2019,13.78,12.1891,15.9853
SXM,Baseline,a,mort,2019,1.1066,0.66856,1.7208
SXM,COVID,a,mort,2019,1.1066,0.66856,1.7208
SXM,Baseline,a,inc,2020,13.6699,12.0633,15.891
SXM,COVID,a,inc,2020,13.5617,12.104,15.7245
SXM,Baseline,a,mort,2020,1.0938,0.65963,1.7113
SXM,COVID,a,mort,2020,1.2561,0.73585,1.9604
SXM,Baseline,a,inc,2021,13.5769,11.952,15.8042
SXM,COVID,a,inc,2021,14.5281,12.6178,17.4196
SXM,Baseline,a,mort,2021,1.0928,0.65215,1.7031
SXM,COVID,a,mort,2021,1.569,0.90187,2.4382
SXM,Baseline,a,inc,2022,13.4801,11.8507,15.7358
SXM,COVID,a,inc,2022,15.6071,13.0444,19.5255
SXM,Baseline,a,mort,2022,1.0875,0.64439,1.6902
SXM,COVID,a,mort,2022,1.6082,0.91337,2.4581
SXM,Baseline,a,inc,2023,13.3988,11.7532,15.6701
SXM,COVID,a,inc,2023,15.2132,12.7281,19.26
SXM,Baseline,a,mort,2023,1.0794,0.63688,1.6711
SXM,COVID,a,mort,2023,1.2981,0.74558,2.0165
SXM,Baseline,a,inc,2024,13.3334,11.6409,15.6097
SXM,COVID,a,inc,2024,14.6582,12.2943,18.5549
SXM,Baseline,a,mort,2024,1.0708,0.63003,1.6597
SXM,COVID,a,mort,2024,1.2224,0.69952,1.9213
SYC,Baseline,a,inc,2019,15.7736,13.8445,18.1983
SYC,Baseline,pos,inc,2019,2.3299,0.19319,18.6655
SYC,COVID,a,inc,2019,15.7736,13.8445,18.1983
SYC,COVID,pos,inc,2019,2.3299,0.19319,18.6655
SYC,Baseline,a,mort,2019,1.3422,0.86333,2.0418
SYC,Baseline,pos,mort,2019,0.35939,0.025705,4.8202
SYC,COVID,a,mort,2019,1.3422,0.86333,2.0418
SYC,COVID,pos,mort,2019,0.35939,0.025705,4.8202
SYC,Baseline,a,inc,2020,15.3214,13.1406,17.5922
SYC,Baseline,pos,inc,2020,2.2475,0.18454,18.1461
SYC,COVID,a,inc,2020,14.9118,12.8567,17.3355
SYC,COVID,pos,inc,2020,2.2075,0.18319,17.8275
SYC,Baseline,a,mort,2020,1.2956,0.80417,1.9442
SYC,Baseline,pos,mort,2020,0.33321,0.024969,4.706
SYC,COVID,a,mort,2020,1.3602,0.84517,2.0529
SYC,COVID,pos,mort,2020,0.35229,0.025986,4.9384
SYC,Baseline,a,inc,2021,14.8257,12.3361,17.3654
SYC,Baseline,pos,inc,2021,2.1259,0.17764,17.7257
SYC,COVID,a,inc,2021,15.2557,12.4364,17.7231
SYC,COVID,pos,inc,2021,2.1563,0.18079,18.28
SYC,Baseline,a,mort,2021,1.26,0.76038,1.9065
SYC,Baseline,pos,mort,2021,0.31625,0.02451,4.6077
SYC,COVID,a,mort,2021,1.4623,0.8783,2.2114
SYC,COVID,pos,mort,2021,0.35113,0.027507,5.3015
SYC,Baseline,a,inc,2022,14.4775,11.5728,17.1713
SYC,Baseline,pos,inc,2022,2.0171,0.17194,17.3106
SYC,COVID,a,inc,2022,15.6228,12.2322,18.2125
SYC,COVID,pos,inc,2022,2.1149,0.17948,18.3825
SYC,Baseline,a,mort,2022,1.2159,0.71106,1.8722
SYC,Baseline,pos,mort,2022,0.29763,0.023819,4.5193
SYC,COVID,a,mort,2022,1.4361,0.84541,2.1925
SYC,COVID,pos,mort,2022,0.34987,0.027269,5.2198
SYC,Baseline,a,inc,2023,14.2179,10.9381,16.9234
SYC,Baseline,pos,inc,2023,1.9246,0.16704,16.8891
SYC,COVID,a,inc,2023,15.3628,11.7591,17.8667
SYC,COVID,pos,inc,2023,2.015,0.17407,17.8377
SYC,Baseline,a,mort,2023,1.1782,0.66061,1.8402
SYC,Baseline,pos,mort,2023,0.28519,0.023223,4.4365
SYC,COVID,a,mort,2023,1.3034,0.73965,2.0116
SYC,COVID,pos,mort,2023,0.3045,0.02535,4.7651
SYC,Baseline,a,inc,2024,13.9327,10.4311,16.5451
SYC,Baseline,pos,inc,2024,1.8472,0.16267,16.466
SYC,COVID,a,inc,2024,14.904,11.0821,17.466
SYC,COVID,pos,inc,2024,1.9184,0.16797,17.2024
SYC,Baseline,a,mort,2024,1.1478,0.62191,1.8088
SYC,Baseline,pos,mort,2024,0.27495,0.022693,4.3566
SYC,COVID,a,mort,2024,1.2424,0.6794,1.9259
SYC,COVID,pos,mort,2024,0.28828,0.024122,4.5544
TJK,Baseline,a,inc,2019,81.9952,63.8696,101.8522
TJK,COVID,a,inc,2019,81.9952,63.8697,101.8523
TJK,Baseline,a,mort,2019,8.4672,7.5345,9.3232
TJK,COVID,a,mort,2019,8.4672,7.5345,9.3232
TJK,Baseline,a,inc,2020,81.0564,62.9585,100.6762
TJK,COVID,a,inc,2020,80.1336,62.1081,99.8536
TJK,Baseline,a,mort,2020,8.3294,7.4076,9.1822
TJK,COVID,a,mort,2020,9.5009,8.4014,10.6561
TJK,Baseline,a,inc,2021,80.0928,62.183,99.8739
TJK,COVID,a,inc,2021,88.1401,65.6016,110.2438
TJK,Baseline,a,mort,2021,8.209,7.3009,9.0584
TJK,COVID,a,mort,2021,13.4147,11.3593,15.6639
TJK,Baseline,a,inc,2022,79.0604,61.4414,99.4858
TJK,COVID,a,inc,2022,98.2641,70.6489,131.7006
TJK,Baseline,a,mort,2022,8.125,7.2143,8.9608
TJK,COVID,a,mort,2022,14.1632,12.1155,17.5556
TJK,Baseline,a,inc,2023,78.2152,60.6255,99.6373
TJK,COVID,a,inc,2023,93.8929,67.2215,132.9979
TJK,Baseline,a,mort,2023,8.0529,7.1627,8.8547
TJK,COVID,a,mort,2023,10.1765,8.6834,12.9897
TJK,Baseline,a,inc,2024,77.9994,59.8409,99.2911
TJK,COVID,a,inc,2024,88.1525,63.6879,126.8098
TJK,Baseline,a,mort,2024,7.9636,7.108,8.8088
TJK,COVID,a,mort,2024,9.2157,7.8583,11.9989
URY,Baseline,a,inc,2019,34.4395,30.0131,40.1822
URY,COVID,a,inc,2019,34.4395,30.0131,40.1822
URY,Baseline,a,mort,2019,2.7607,2.4928,3.1372
URY,COVID,a,mort,2019,2.7607,2.4928,3.1372
URY,Baseline,a,inc,2020,34.1752,29.7663,40.0794
URY,COVID,a,inc,2020,33.9078,29.4197,39.7717
URY,Baseline,a,mort,2020,2.7403,2.472,3.1143
URY,COVID,a,mort,2020,3.1453,2.7508,3.5517
URY,Baseline,a,inc,2021,33.8632,29.463,39.9911
URY,COVID,a,inc,2021,36.5065,30.6704,43.4235
URY,Baseline,a,mort,2021,2.7086,2.4484,3.1017
URY,COVID,a,mort,2021,3.886,3.2899,4.5508
URY,Baseline,a,inc,2022,33.6953,29.2548,39.9679
URY,COVID,a,inc,2022,39.4693,32.2851,48.8739
URY,Baseline,a,mort,2022,2.6939,2.4232,3.088
URY,COVID,a,mort,2022,3.9261,3.3682,4.7716
URY,Baseline,a,inc,2023,33.4767,29.0608,39.7968
URY,COVID,a,inc,2023,38.3671,31.3391,47.5908
URY,Baseline,a,mort,2023,2.6846,2.3973,3.0688
URY,COVID,a,mort,2023,3.1521,2.7103,3.8848
URY,Baseline,a,inc,2024,33.3026,28.8456,39.6221
URY,COVID,a,inc,2024,36.8391,30.2807,45.1264
URY,Baseline,a,mort,2024,2.6721,2.3704,3.0578
URY,COVID,a,mort,2024,2.9575,2.5579,3.6549
VEN,Baseline,a,inc,2019,44.8145,34.8758,58.006
VEN,COVID,a,inc,2019,44.8145,34.8758,58.006
VEN,Baseline,a,mort,2019,3.1402,2.6111,3.8518
VEN,COVID,a,mort,2019,3.1402,2.6111,3.8518
VEN,Baseline,a,inc,2020,44.5439,34.368,57.5885
VEN,COVID,a,inc,2020,44.2412,34.0119,57.3497
VEN,Baseline,a,mort,2020,3.1043,2.5753,3.8333
VEN,COVID,a,mort,2020,3.5706,2.9432,4.3914
VEN,Baseline,a,inc,2021,44.2134,33.8128,57.1689
VEN,COVID,a,inc,2021,47.0049,35.0157,60.9523
VEN,Baseline,a,mort,2021,3.0775,2.5482,3.8221
VEN,COVID,a,mort,2021,4.4346,3.5278,5.5737
VEN,Baseline,a,inc,2022,43.72,33.3304,56.6897
VEN,COVID,a,inc,2022,50.8135,37.3419,67.996
VEN,Baseline,a,mort,2022,3.0482,2.5322,3.7942
VEN,COVID,a,mort,2022,4.4356,3.5267,5.8636
VEN,Baseline,a,inc,2023,43.412,33.024,56.2293
VEN,COVID,a,inc,2023,50.053,36.6041,66.8616
VEN,Baseline,a,mort,2023,3.0334,2.5173,3.7665
VEN,COVID,a,mort,2023,3.61,2.8259,4.809
VEN,Baseline,a,inc,2024,43.1581,32.7377,55.7777
VEN,COVID,a,inc,2024,48.0158,35.0865,63.423
VEN,Baseline,a,mort,2024,3.0108,2.5035,3.7436
VEN,COVID,a,mort,2024,3.3789,2.6627,4.5388
