country,iso2,iso3,year,case.type,sex,age.group,area.type,area.type.description,prev,prev.lo,prev.hi
Bangladesh,BD,BGD,2008,s,a,15_24,a,All areas,43,,
Bangladesh,BD,BGD,2008,s,a,15plus,a,All areas,79,47,134
Bangladesh,BD,BGD,2008,s,a,25_34,a,All areas,46,,
Bangladesh,BD,BGD,2008,s,a,35_44,a,All areas,82,,
Bangladesh,BD,BGD,2008,s,a,45_54,a,All areas,99,,
Bangladesh,BD,BGD,2008,s,a,55_64,a,All areas,201,,
Bangladesh,BD,BGD,2008,s,a,65plus,a,All areas,150,,
Bangladesh,BD,BGD,2008,s,f,15plus,a,All areas,40,,
Bangladesh,BD,BGD,2008,s,m,15plus,a,All areas,122,,
Bangladesh,BD,BGD,2015,b,a,15_24,a,All areas,103,65,152
Bangladesh,BD,BGD,2015,b,a,15plus,a,All areas,287,244,330
Bangladesh,BD,BGD,2015,b,a,25_34,a,All areas,183,122,244
Bangladesh,BD,BGD,2015,b,a,35_44,a,All areas,302,215,389
Bangladesh,BD,BGD,2015,b,a,45_54,a,All areas,338,235,441
Bangladesh,BD,BGD,2015,b,a,55_64,a,All areas,462,317,607
Bangladesh,BD,BGD,2015,b,a,65plus,a,All areas,954,715,1194
Bangladesh,BD,BGD,2015,b,f,15plus,a,All areas,143,109,178
Bangladesh,BD,BGD,2015,b,m,15plus,a,All areas,452,379,526
Bangladesh,BD,BGD,2015,s,a,15_24,a,All areas,45,21,69
Bangladesh,BD,BGD,2015,s,a,15plus,a,All areas,113,87,139
Bangladesh,BD,BGD,2015,s,a,25_34,a,All areas,77,39,116
Bangladesh,BD,BGD,2015,s,a,35_44,a,All areas,138,74,202
Bangladesh,BD,BGD,2015,s,a,45_54,a,All areas,137,72,202
Bangladesh,BD,BGD,2015,s,a,55_64,a,All areas,147,64,229
Bangladesh,BD,BGD,2015,s,a,65plus,a,All areas,333,185,480
Bangladesh,BD,BGD,2015,s,f,15plus,a,All areas,48,30,67
Bangladesh,BD,BGD,2015,s,m,15plus,a,All areas,187,141,234
Bangladesh,BD,BGD,2015,a,a,all,a,All areas,260,220,301
Bangladesh,BD,BGD,2015,b,a,15plus,r,Rural areas,270,220,321
Bangladesh,BD,BGD,2015,b,a,15plus,u,Urban areas,316,239,392
Bangladesh,BD,BGD,2015,s,a,15plus,r,Rural areas,103,77,129
Bangladesh,BD,BGD,2015,s,a,15plus,u,Urban areas,131,78,185
China,CN,CHN,1990,a,a,all,a,All areas,215,201,230
China,CN,CHN,1990,b,a,3monthplus,a,All areas,177,165,189
China,CN,CHN,1990,b,f,3monthplus,a,All areas,118,,
China,CN,CHN,1990,b,m,3monthplus,a,All areas,208,,
China,CN,CHN,1990,s,a,15_24,a,All areas,115,,
China,CN,CHN,1990,s,a,25_34,a,All areas,250,,
China,CN,CHN,1990,s,a,35_44,a,All areas,305,,
China,CN,CHN,1990,s,a,3monthplus,a,All areas,134,124,144
China,CN,CHN,1990,s,a,45_54,a,All areas,476,,
China,CN,CHN,1990,s,a,55_64,a,All areas,708,,
China,CN,CHN,1990,s,a,65plus,a,All areas,1575,,
China,CN,CHN,1990,s,f,3monthplus,a,All areas,89,,
China,CN,CHN,1990,s,m,3monthplus,a,All areas,160,,
China,CN,CHN,2000,a,a,all,a,All areas,170,146,196
China,CN,CHN,2000,b,a,3monthplus,a,All areas,160,143,177
China,CN,CHN,2000,b,f,3monthplus,a,All areas,117,,
China,CN,CHN,2000,b,m,3monthplus,a,All areas,311,,
China,CN,CHN,2000,s,a,15_24,a,All areas,181,,
China,CN,CHN,2000,s,a,25_34,a,All areas,129,,
China,CN,CHN,2000,s,a,35_44,a,All areas,268,,
China,CN,CHN,2000,s,a,3monthplus,a,All areas,122,108,137
China,CN,CHN,2000,s,a,45_54,a,All areas,301,,
China,CN,CHN,2000,s,a,55_64,a,All areas,566,,
China,CN,CHN,2000,s,a,65plus,a,All areas,2018,,
China,CN,CHN,2000,s,f,3monthplus,a,All areas,92,,
China,CN,CHN,2000,s,m,3monthplus,a,All areas,243,,
China,CN,CHN,2010,a,a,all,a,All areas,108,94,123
China,CN,CHN,2010,b,a,15_24,a,All areas,45,16,75
China,CN,CHN,2010,b,a,15plus,a,All areas,119,103,135
China,CN,CHN,2010,b,a,25_34,a,All areas,69,38,100
China,CN,CHN,2010,b,a,35_44,a,All areas,79,55,104
China,CN,CHN,2010,b,a,45_54,a,All areas,103,71,135
China,CN,CHN,2010,b,a,55_64,a,All areas,200,151,249
China,CN,CHN,2010,b,a,65plus,a,All areas,369,303,435
China,CN,CHN,2010,b,f,15plus,a,All areas,59,46,72
China,CN,CHN,2010,b,m,15plus,a,All areas,177,149,204
China,CN,CHN,2010,s,a,15_24,a,All areas,20,1,39
China,CN,CHN,2010,s,a,15plus,a,All areas,66,53,79
China,CN,CHN,2010,s,a,25_34,a,All areas,35,15,55
China,CN,CHN,2010,s,a,35_44,a,All areas,38,21,55
China,CN,CHN,2010,s,a,45_54,a,All areas,67,38,95
China,CN,CHN,2010,s,a,55_64,a,All areas,136,90,181
China,CN,CHN,2010,s,m,15plus,a,All areas,99,74,123
China,CN,CHN,2010,s,a,65plus,a,All areas,189,138,238
China,CN,CHN,2010,s,f,15plus,a,All areas,33,23,42
China,CN,CHN,2010,b,a,15plus,r,Rural areas,153,133,172
China,CN,CHN,2010,b,a,15plus,u,Urban areas,73,46,99
China,CN,CHN,2010,s,a,15plus,r,Rural areas,78,64,93
China,CN,CHN,2010,s,a,15plus,u,Urban areas,49,25,74
Ethiopia,ET,ETH,2011,b,a,15_24,a,All areas,292,194,390
Ethiopia,ET,ETH,2011,b,a,15plus,a,All areas,277,208,347
Ethiopia,ET,ETH,2011,b,a,25_34,a,All areas,216,129,303
Ethiopia,ET,ETH,2011,b,a,35_44,a,All areas,259,135,382
Ethiopia,ET,ETH,2011,b,a,45_54,a,All areas,337,161,513
Ethiopia,ET,ETH,2011,b,a,55_64,a,All areas,367,153,582
Ethiopia,ET,ETH,2011,b,a,65plus,a,All areas,227,33,421
Ethiopia,ET,ETH,2011,b,f,15plus,a,All areas,246,176,315
Ethiopia,ET,ETH,2011,b,m,15plus,a,All areas,304,219,388
Ethiopia,ET,ETH,2011,s,a,15_24,a,All areas,113,53,173
Ethiopia,ET,ETH,2011,s,a,15plus,a,All areas,108,73,143
Ethiopia,ET,ETH,2011,s,a,25_34,a,All areas,86,30,143
Ethiopia,ET,ETH,2011,s,a,35_44,a,All areas,117,43,191
Ethiopia,ET,ETH,2011,s,a,45_54,a,All areas,138,23,253
Ethiopia,ET,ETH,2011,s,a,55_64,a,All areas,159,19,300
Ethiopia,ET,ETH,2011,s,a,65plus,a,All areas,41,1,123
Ethiopia,ET,ETH,2011,s,f,15plus,a,All areas,87,47,127
Ethiopia,ET,ETH,2011,s,m,15plus,a,All areas,133,80,185
Ethiopia,ET,ETH,2011,a,a,all,a,All areas,240,182,298
Ethiopia,ET,ETH,2011,b,a,15plus,p,Pastoralist areas,316,163,468
Ethiopia,ET,ETH,2011,b,a,15plus,r,Rural areas,273,189,356
Ethiopia,ET,ETH,2011,b,a,15plus,u,Urban areas,273,130,416
Ethiopia,ET,ETH,2011,s,a,15plus,p,Pastoralist areas,170,60,280
Ethiopia,ET,ETH,2011,s,a,15plus,r,Rural areas,109,67,151
Ethiopia,ET,ETH,2011,s,a,15plus,u,Urban areas,70,6,135
Ghana,GH,GHA,2013,b,a,15_24,a,All areas,185,104,265
Ghana,GH,GHA,2013,b,a,15plus,a,All areas,356,288,425
Ghana,GH,GHA,2013,b,a,25_34,a,All areas,228,130,326
Ghana,GH,GHA,2013,b,a,35_44,a,All areas,295,174,416
Ghana,GH,GHA,2013,b,a,45_54,a,All areas,470,294,645
Ghana,GH,GHA,2013,b,a,55_64,a,All areas,607,362,854
Ghana,GH,GHA,2013,b,a,65plus,a,All areas,908,597,1219
Ghana,GH,GHA,2013,b,f,15plus,a,All areas,303,223,382
Ghana,GH,GHA,2013,b,m,15plus,a,All areas,431,327,536
Ghana,GH,GHA,2013,s,a,15_24,a,All areas,49,14,84
Ghana,GH,GHA,2013,s,a,15plus,a,All areas,111,76,145
Ghana,GH,GHA,2013,s,a,25_34,a,All areas,35,1,69
Ghana,GH,GHA,2013,s,a,35_44,a,All areas,101,38,164
Ghana,GH,GHA,2013,s,a,45_54,a,All areas,223,129,317
Ghana,GH,GHA,2013,s,a,55_64,a,All areas,245,63,426
Ghana,GH,GHA,2013,s,a,65plus,a,All areas,212,77,347
Ghana,GH,GHA,2013,s,f,15plus,a,All areas,49,21,76
Ghana,GH,GHA,2013,s,m,15plus,a,All areas,198,133,264
Ghana,GH,GHA,2013,a,a,all,a,All areas,290,196,384
Ghana,GH,GHA,2013,b,a,15plus,r,Rural areas,429,315,542
Ghana,GH,GHA,2013,b,a,15plus,u,Urban areas,293,216,372
Ghana,GH,GHA,2013,s,a,15plus,r,Rural areas,75,39,111
Ghana,GH,GHA,2013,s,a,15plus,u,Urban areas,142,89,195
Gambia,GM,GMB,2012,a,a,all,a,All areas,128,94,162
Gambia,GM,GMB,2012,b,a,15_34,a,All areas,133,76,190
Gambia,GM,GMB,2012,b,a,15plus,a,All areas,212,152,272
Gambia,GM,GMB,2012,b,a,35_54,a,All areas,355,219,490
Gambia,GM,GMB,2012,b,a,55plus,a,All areas,329,99,558
Gambia,GM,GMB,2012,s,a,15_34,a,All areas,56,24,88
Gambia,GM,GMB,2012,s,a,15plus,a,All areas,90,53,127
Gambia,GM,GMB,2012,s,a,35_54,a,All areas,144,65,223
Gambia,GM,GMB,2012,s,a,55plus,a,All areas,159,0,367
Gambia,GM,GMB,2012,s,f,15plus,a,All areas,41,0,83
Gambia,GM,GMB,2012,s,m,15plus,a,All areas,148,88,208
Gambia,GM,GMB,2012,b,f,15plus,a,All areas,109,54,164
Gambia,GM,GMB,2012,b,m,15plus,a,All areas,333,233,433
Gambia,GM,GMB,2012,b,a,15plus,r,Rural areas,109,54,164
Gambia,GM,GMB,2012,b,a,15plus,u,Urban areas,266,164,368
Gambia,GM,GMB,2012,s,a,15plus,r,Rural areas,86,32,140
Gambia,GM,GMB,2012,s,a,15plus,u,Urban areas,96,43,148
Indonesia,ID,IDN,2004,s,a,15plus,a,All areas,149,94,203
Indonesia,ID,IDN,2004,s,f,15plus,a,All areas,101,,
Indonesia,ID,IDN,2004,s,m,15plus,a,All areas,200,,
Indonesia,ID,IDN,2013,a,a,all,a,All areas,660,523,813
Indonesia,ID,IDN,2013,b,a,15_24,a,All areas,361,254,495
Indonesia,ID,IDN,2013,b,a,15plus,a,All areas,759,590,961
Indonesia,ID,IDN,2013,b,a,25_34,a,All areas,753,562,995
Indonesia,ID,IDN,2013,b,a,35_44,a,All areas,714,527,941
Indonesia,ID,IDN,2013,b,a,45_54,a,All areas,836,609,1108
Indonesia,ID,IDN,2013,b,a,55_64,a,All areas,1030,734,1399
Indonesia,ID,IDN,2013,b,a,65plus,a,All areas,1582,1123,2154
Indonesia,ID,IDN,2013,b,f,15plus,a,All areas,461,354,591
Indonesia,ID,IDN,2013,b,m,15plus,a,All areas,1083,873,1337
Indonesia,ID,IDN,2013,s,a,15_24,a,All areas,138,77,198
Indonesia,ID,IDN,2013,s,a,15plus,a,All areas,257,210,303
Indonesia,ID,IDN,2013,s,a,25_34,a,All areas,240,156,324
Indonesia,ID,IDN,2013,s,a,35_44,a,All areas,265,171,359
Indonesia,ID,IDN,2013,s,a,45_54,a,All areas,272,166,377
Indonesia,ID,IDN,2013,s,a,55_64,a,All areas,319,174,463
Indonesia,ID,IDN,2013,s,a,65plus,a,All areas,528,292,763
Indonesia,ID,IDN,2013,s,f,15plus,a,All areas,131,88,174
Indonesia,ID,IDN,2013,s,m,15plus,a,All areas,393,315,471
Indonesia,ID,IDN,2013,b,a,15plus,r,Rural areas,674,512,874
Indonesia,ID,IDN,2013,b,a,15plus,u,Urban areas,846,678,1048
Indonesia,ID,IDN,2013,s,a,15plus,r,Rural areas,231,163,300
Indonesia,ID,IDN,2013,s,a,15plus,u,Urban areas,282,220,345
Kenya,KE,KEN,2015,b,a,15_24,a,All areas,360,242,478
Kenya,KE,KEN,2015,b,a,15plus,a,All areas,558,455,662
Kenya,KE,KEN,2015,b,a,25_34,a,All areas,716,526,906
Kenya,KE,KEN,2015,b,a,35_44,a,All areas,602,422,782
Kenya,KE,KEN,2015,b,a,45_54,a,All areas,607,432,781
Kenya,KE,KEN,2015,b,a,55_64,a,All areas,587,372,803
Kenya,KE,KEN,2015,b,a,65plus,a,All areas,576,368,783
Kenya,KE,KEN,2015,b,f,15plus,a,All areas,359,258,460
Kenya,KE,KEN,2015,b,m,15plus,a,All areas,809,656,962
Kenya,KE,KEN,2015,s,a,15_24,a,All areas,218,133,303
Kenya,KE,KEN,2015,s,a,15plus,a,All areas,230,174,286
Kenya,KE,KEN,2015,s,a,25_34,a,All areas,259,164,353
Kenya,KE,KEN,2015,s,a,35_44,a,All areas,297,164,430
Kenya,KE,KEN,2015,s,a,45_54,a,All areas,234,101,367
Kenya,KE,KEN,2015,s,a,55_64,a,All areas,118,24,211
Kenya,KE,KEN,2015,s,a,65plus,a,All areas,125,24,226
Kenya,KE,KEN,2015,s,f,15plus,a,All areas,138,79,196
Kenya,KE,KEN,2015,s,m,15plus,a,All areas,346,260,431
Kenya,KE,KEN,2015,a,a,all,a,All areas,426,347,504
Kenya,KE,KEN,2015,b,a,15plus,r,Rural areas,453,357,549
Kenya,KE,KEN,2015,b,a,15plus,u,Urban areas,760,539,981
Kenya,KE,KEN,2015,s,a,15plus,r,Rural areas,175,126,224
Kenya,KE,KEN,2015,s,a,15plus,u,Urban areas,335,213,456
Cambodia,KH,KHM,2002,a,a,all,a,All areas,1511,1244,1803
Cambodia,KH,KHM,2002,b,a,10_14,a,All areas,89,,
Cambodia,KH,KHM,2002,b,a,10plus,a,All areas,1208,997,1463
Cambodia,KH,KHM,2002,b,a,15_24,a,All areas,314,,
Cambodia,KH,KHM,2002,b,a,25_34,a,All areas,933,,
Cambodia,KH,KHM,2002,b,a,35_44,a,All areas,1500,,
Cambodia,KH,KHM,2002,b,a,45_54,a,All areas,2092,,
Cambodia,KH,KHM,2002,b,a,55_64,a,All areas,3506,,
Cambodia,KH,KHM,2002,b,a,65plus,a,All areas,6021,,
Cambodia,KH,KHM,2002,b,f,10plus,a,All areas,983,,
Cambodia,KH,KHM,2002,b,m,10plus,a,All areas,1506,,
Cambodia,KH,KHM,2002,s,a,10_14,a,All areas,66,,
Cambodia,KH,KHM,2002,s,a,10plus,a,All areas,362,284,461
Cambodia,KH,KHM,2002,s,a,15_24,a,All areas,132,,
Cambodia,KH,KHM,2002,s,a,25_34,a,All areas,302,,
Cambodia,KH,KHM,2002,s,a,35_44,a,All areas,469,,
Cambodia,KH,KHM,2002,s,a,45_54,a,All areas,637,,
Cambodia,KH,KHM,2002,s,a,55_64,a,All areas,838,,
Cambodia,KH,KHM,2002,s,a,65plus,a,All areas,1546,,
Cambodia,KH,KHM,2002,s,f,10plus,a,All areas,208,,
Cambodia,KH,KHM,2002,s,m,10plus,a,All areas,551,,
Cambodia,KH,KHM,2011,a,a,all,a,All areas,817,690,954
Cambodia,KH,KHM,2011,b,a,15_24,a,All areas,130,74,227
Cambodia,KH,KHM,2011,b,a,15plus,a,All areas,831,707,977
Cambodia,KH,KHM,2011,b,a,25_34,a,All areas,427,304,598
Cambodia,KH,KHM,2011,b,a,35_44,a,All areas,881,667,1163
Cambodia,KH,KHM,2011,b,a,45_54,a,All areas,1029,780,1358
Cambodia,KH,KHM,2011,b,a,55_64,a,All areas,1844,1388,2446
Cambodia,KH,KHM,2011,b,a,65plus,a,All areas,3046,2353,3936
Cambodia,KH,KHM,2011,b,f,15plus,a,All areas,609,486,763
Cambodia,KH,KHM,2011,b,m,15plus,a,All areas,1097,895,1344
Cambodia,KH,KHM,2011,s,a,15_24,a,All areas,18,4,71
Cambodia,KH,KHM,2011,s,a,15plus,a,All areas,271,212,348
Cambodia,KH,KHM,2011,s,a,25_34,a,All areas,87,41,185
Cambodia,KH,KHM,2011,s,a,35_44,a,All areas,266,169,420
Cambodia,KH,KHM,2011,s,a,45_54,a,All areas,364,218,607
Cambodia,KH,KHM,2011,s,a,55_64,a,All areas,799,534,1194
Cambodia,KH,KHM,2011,s,a,65plus,a,All areas,1007,653,1550
Cambodia,KH,KHM,2011,s,f,15plus,a,All areas,197,127,303
Cambodia,KH,KHM,2011,s,m,15plus,a,All areas,361,265,493
Cambodia,KH,KHM,2011,b,a,15plus,o,Other areas,1175,24,36964
Cambodia,KH,KHM,2011,b,a,15plus,r,Rural areas,882,738,1055
Cambodia,KH,KHM,2011,b,a,15plus,u,Urban areas,593,357,983
Cambodia,KH,KHM,2011,s,a,15plus,o,Other areas,249,4,12273
Cambodia,KH,KHM,2011,s,a,15plus,r,Rural areas,310,236,408
Cambodia,KH,KHM,2011,s,a,15plus,u,Urban areas,134,61,292
Republic of Korea,KR,KOR,1990,b,a,5plus,a,All areas,241,180,300
Republic of Korea,KR,KOR,1990,b,f,5plus,a,All areas,132,,
Republic of Korea,KR,KOR,1990,b,m,5plus,a,All areas,362,,
Republic of Korea,KR,KOR,1990,s,a,5plus,a,All areas,143,,
Republic of Korea,KR,KOR,1990,s,f,5plus,a,All areas,66,,
Republic of Korea,KR,KOR,1990,s,m,5plus,a,All areas,229,,
Republic of Korea,KR,KOR,1995,b,a,5plus,a,All areas,219,180,260
Republic of Korea,KR,KOR,1995,b,f,5plus,a,All areas,128,,
Republic of Korea,KR,KOR,1995,b,m,5plus,a,All areas,324,,
Republic of Korea,KR,KOR,1995,s,a,5plus,a,All areas,93,,
Republic of Korea,KR,KOR,1995,s,f,5plus,a,All areas,61,,
Republic of Korea,KR,KOR,1995,s,m,5plus,a,All areas,129,,
Lao People's Democratic Republic,LA,LAO,2011,a,a,all,a,All areas,540,353,767
Lao People's Democratic Republic,LA,LAO,2011,b,a,15_24,a,All areas,145,41,249
Lao People's Democratic Republic,LA,LAO,2011,b,a,15plus,a,All areas,595,457,733
Lao People's Democratic Republic,LA,LAO,2011,b,a,25_34,a,All areas,292,120,464
Lao People's Democratic Republic,LA,LAO,2011,b,a,35_44,a,All areas,484,307,661
Lao People's Democratic Republic,LA,LAO,2011,b,a,45_54,a,All areas,714,461,968
Lao People's Democratic Republic,LA,LAO,2011,b,a,55_64,a,All areas,1131,704,1557
Lao People's Democratic Republic,LA,LAO,2011,b,a,65plus,a,All areas,2410,1665,3156
Lao People's Democratic Republic,LA,LAO,2011,b,f,15plus,a,All areas,366,254,477
Lao People's Democratic Republic,LA,LAO,2011,b,m,15plus,a,All areas,855,646,1064
Lao People's Democratic Republic,LA,LAO,2011,s,a,15_24,a,All areas,80,11,149
Lao People's Democratic Republic,LA,LAO,2011,s,a,15plus,a,All areas,278,199,356
Lao People's Democratic Republic,LA,LAO,2011,s,a,25_34,a,All areas,184,16,352
Lao People's Democratic Republic,LA,LAO,2011,s,a,35_44,a,All areas,201,98,304
Lao People's Democratic Republic,LA,LAO,2011,s,a,45_54,a,All areas,412,234,590
Lao People's Democratic Republic,LA,LAO,2011,s,a,55_64,a,All areas,513,279,747
Lao People's Democratic Republic,LA,LAO,2011,s,a,65plus,a,All areas,857,503,1229
Lao People's Democratic Republic,LA,LAO,2011,s,f,15plus,a,All areas,152,88,215
Lao People's Democratic Republic,LA,LAO,2011,s,m,15plus,a,All areas,420,299,541
Lao People's Democratic Republic,LA,LAO,2011,b,a,15plus,r,Rural areas,663,477,848
Lao People's Democratic Republic,LA,LAO,2011,b,a,15plus,u,Urban areas,436,307,565
Lao People's Democratic Republic,LA,LAO,2011,s,a,15plus,r,Rural areas,283,186,380
Lao People's Democratic Republic,LA,LAO,2011,s,a,15plus,u,Urban areas,264,130,398
Lesotho,LS,LSO,2019,b,a,15_24,a,All areas,142,26,258
Lesotho,LS,LSO,2019,b,a,15plus,a,All areas,581,466,696
Lesotho,LS,LSO,2019,b,a,25_34,a,All areas,331,147,516
Lesotho,LS,LSO,2019,b,a,35_44,a,All areas,892,516,1268
Lesotho,LS,LSO,2019,b,a,45_54,a,All areas,593,267,920
Lesotho,LS,LSO,2019,b,a,55_64,a,All areas,1211,795,1626
Lesotho,LS,LSO,2019,b,a,65plus,a,All areas,1661,1143,2178
Lesotho,LS,LSO,2019,b,f,15plus,a,All areas,327,218,435
Lesotho,LS,LSO,2019,b,m,15plus,a,All areas,849,642,1057
Lesotho,LS,LSO,2019,a,a,all,a,All areas,720,516,924
Lesotho,LS,LSO,2019,b,a,15plus,pu,Peri-urban,531,329,732
Lesotho,LS,LSO,2019,b,a,15plus,r,Rural areas,670,491,848
Lesotho,LS,LSO,2019,b,a,15plus,u,Urban areas,453,310,595
Myanmar,MM,MMR,1994,s,a,10plus,a,All areas,104,72,137
Myanmar,MM,MMR,1994,s,a,15_24,a,All areas,0,,
Myanmar,MM,MMR,1994,s,a,25_34,a,All areas,66,,
Myanmar,MM,MMR,1994,s,a,35_44,a,All areas,224,,
Myanmar,MM,MMR,1994,s,a,45_54,a,All areas,340,,
Myanmar,MM,MMR,1994,s,a,55_64,a,All areas,247,,
Myanmar,MM,MMR,1994,s,a,65plus,a,All areas,332,,
Myanmar,MM,MMR,1994,s,f,10plus,a,All areas,60,,
Myanmar,MM,MMR,1994,s,m,10plus,a,All areas,155,,
Myanmar,MM,MMR,2009,a,a,all,a,All areas,544,420,685
Myanmar,MM,MMR,2009,b,a,15_24,a,All areas,95,48,187
Myanmar,MM,MMR,2009,b,a,15plus,a,All areas,613,502,748
Myanmar,MM,MMR,2009,b,a,25_34,a,All areas,469,339,648
Myanmar,MM,MMR,2009,b,a,35_44,a,All areas,739,579,944
Myanmar,MM,MMR,2009,b,a,45_54,a,All areas,811,591,1111
Myanmar,MM,MMR,2009,b,a,55_64,a,All areas,858,619,1189
Myanmar,MM,MMR,2009,b,a,65plus,a,All areas,1438,1135,1819
Myanmar,MM,MMR,2009,b,f,15plus,a,All areas,367,288,469
Myanmar,MM,MMR,2009,b,m,15plus,a,All areas,931,743,1166
Myanmar,MM,MMR,2009,s,a,15_24,a,All areas,43,18,103
Myanmar,MM,MMR,2009,s,a,15plus,a,All areas,242,186,315
Myanmar,MM,MMR,2009,s,a,25_34,a,All areas,190,131,274
Myanmar,MM,MMR,2009,s,a,35_44,a,All areas,350,231,530
Myanmar,MM,MMR,2009,s,a,45_54,a,All areas,304,189,489
Myanmar,MM,MMR,2009,s,a,55_64,a,All areas,373,248,560
Myanmar,MM,MMR,2009,s,a,65plus,a,All areas,395,225,691
Myanmar,MM,MMR,2009,s,f,15plus,a,All areas,122,77,194
Myanmar,MM,MMR,2009,s,m,15plus,a,All areas,398,301,525
Myanmar,MM,MMR,2009,b,a,15plus,r,Rural areas,527,410,677
Myanmar,MM,MMR,2009,b,a,15plus,reg,Region,523,421,649
Myanmar,MM,MMR,2009,b,a,15plus,st,State,838,560,1252
Myanmar,MM,MMR,2009,b,a,15plus,u,Urban areas,903,662,1232
Myanmar,MM,MMR,2009,s,a,15plus,r,Rural areas,216,154,304
Myanmar,MM,MMR,2009,s,a,15plus,reg,Region,192,137,267
Myanmar,MM,MMR,2009,s,a,15plus,st,State,369,236,578
Myanmar,MM,MMR,2009,s,a,15plus,u,Urban areas,331,216,506
Myanmar,MM,MMR,2018,b,a,15_24,a,All areas,156,87,225
Myanmar,MM,MMR,2018,b,a,15plus,a,All areas,468,390,546
Myanmar,MM,MMR,2018,b,a,25_34,a,All areas,288,177,399
Myanmar,MM,MMR,2018,b,a,35_44,a,All areas,507,378,636
Myanmar,MM,MMR,2018,b,a,45_54,a,All areas,528,373,683
Myanmar,MM,MMR,2018,b,a,55_64,a,All areas,872,632,1111
Myanmar,MM,MMR,2018,b,a,65plus,a,All areas,1091,768,1413
Myanmar,MM,MMR,2018,b,f,15plus,a,All areas,210,155,266
Myanmar,MM,MMR,2018,b,m,15plus,a,All areas,759,616,903
Myanmar,MM,MMR,2018,a,a,all,a,All areas,436,361,511
Myanmar,MM,MMR,2018,b,a,15plus,n10,Regions other than Yangon,485,362,608
Myanmar,MM,MMR,2018,b,a,15plus,n11,Yangon region,607,468,747
Myanmar,MM,MMR,2018,b,a,15plus,st,State,355,253,458
Mongolia,MN,MNG,2015,a,a,all,a,All areas,757,620,894
Mongolia,MN,MNG,2015,b,a,15_24,a,All areas,555,362,748
Mongolia,MN,MNG,2015,b,a,15plus,a,All areas,560,455,665
Mongolia,MN,MNG,2015,b,a,25_34,a,All areas,634,431,837
Mongolia,MN,MNG,2015,b,a,35_44,a,All areas,472,289,655
Mongolia,MN,MNG,2015,b,a,45_54,a,All areas,527,344,711
Mongolia,MN,MNG,2015,b,a,55_64,a,All areas,562,372,752
Mongolia,MN,MNG,2015,b,a,65plus,a,All areas,639,377,900
Mongolia,MN,MNG,2015,b,f,15plus,a,All areas,299,225,372
Mongolia,MN,MNG,2015,b,m,15plus,a,All areas,840,646,1033
Mongolia,MN,MNG,2015,s,a,15_24,a,All areas,135,42,228
Mongolia,MN,MNG,2015,s,a,15plus,a,All areas,204,143,265
Mongolia,MN,MNG,2015,s,a,25_34,a,All areas,281,152,410
Mongolia,MN,MNG,2015,s,a,35_44,a,All areas,208,94,323
Mongolia,MN,MNG,2015,s,a,45_54,a,All areas,197,77,318
Mongolia,MN,MNG,2015,s,a,55_64,a,All areas,170,63,277
Mongolia,MN,MNG,2015,s,a,65plus,a,All areas,194,64,323
Mongolia,MN,MNG,2015,s,f,15plus,a,All areas,68,38,99
Mongolia,MN,MNG,2015,s,m,15plus,a,All areas,349,235,464
Mongolia,MN,MNG,2015,b,a,15plus,cty,City,586,447,724
Mongolia,MN,MNG,2015,b,a,15plus,prv,Provincial,513,216,810
Mongolia,MN,MNG,2015,b,a,15plus,r,Rural areas,529,336,723
Mongolia,MN,MNG,2015,s,a,15plus,cty,City,191,126,257
Mongolia,MN,MNG,2015,s,a,15plus,prv,Provincial,195,34,356
Mongolia,MN,MNG,2015,s,a,15plus,r,Rural areas,233,85,381
Mozambique,MZ,MOZ,2019,b,a,15_24,a,All areas,94,39,150
Mozambique,MZ,MOZ,2019,b,a,15plus,a,All areas,334,252,416
Mozambique,MZ,MOZ,2019,b,a,25_34,a,All areas,349,163,534
Mozambique,MZ,MOZ,2019,b,a,35_44,a,All areas,430,223,638
Mozambique,MZ,MOZ,2019,b,a,45_54,a,All areas,525,262,788
Mozambique,MZ,MOZ,2019,b,a,55_64,a,All areas,309,19,600
Mozambique,MZ,MOZ,2019,b,a,65plus,a,All areas,1141,637,1646
Mozambique,MZ,MOZ,2019,b,f,15plus,a,All areas,211,122,301
Mozambique,MZ,MOZ,2019,b,m,15plus,a,All areas,474,335,614
Mozambique,MZ,MOZ,2019,a,a,all,a,All areas,354,233,475
Mozambique,MZ,MOZ,2019,b,a,15plus,r,Rural areas,287,205,368
Mozambique,MZ,MOZ,2019,b,a,15plus,u,Urban areas,416,242,589
Malawi,MW,MWI,2013,a,a,all,a,All areas,362,257,468
Malawi,MW,MWI,2013,b,a,15_24,a,All areas,120,36,205
Malawi,MW,MWI,2013,b,a,15plus,a,All areas,452,312,593
Malawi,MW,MWI,2013,b,a,25_34,a,All areas,315,156,474
Malawi,MW,MWI,2013,b,a,35_44,a,All areas,902,468,1336
Malawi,MW,MWI,2013,b,a,45_54,a,All areas,309,131,487
Malawi,MW,MWI,2013,b,a,55_64,a,All areas,800,310,1290
Malawi,MW,MWI,2013,b,a,65plus,a,All areas,1564,888,2241
Malawi,MW,MWI,2013,b,f,15plus,a,All areas,374,246,501
Malawi,MW,MWI,2013,b,m,15plus,a,All areas,546,335,757
Malawi,MW,MWI,2013,s,a,15_24,a,All areas,46,6,86
Malawi,MW,MWI,2013,s,a,15plus,a,All areas,220,142,297
Malawi,MW,MWI,2013,s,a,25_34,a,All areas,219,81,356
Malawi,MW,MWI,2013,s,a,35_44,a,All areas,423,199,647
Malawi,MW,MWI,2013,s,a,45_54,a,All areas,146,21,271
Malawi,MW,MWI,2013,s,a,55_64,a,All areas,369,45,693
Malawi,MW,MWI,2013,s,a,65plus,a,All areas,645,261,1028
Malawi,MW,MWI,2013,s,f,15plus,a,All areas,149,85,213
Malawi,MW,MWI,2013,s,m,15plus,a,All areas,303,176,431
Malawi,MW,MWI,2013,b,a,15plus,r,Rural areas,373,239,506
Malawi,MW,MWI,2013,b,a,15plus,su,Semi-urban,393,0,910
Malawi,MW,MWI,2013,b,a,15plus,u,Urban areas,1014,486,1542
Malawi,MW,MWI,2013,s,a,15plus,r,Rural areas,169,96,242
Malawi,MW,MWI,2013,s,a,15plus,su,Semi-urban,278,0,694
Malawi,MW,MWI,2013,s,a,15plus,u,Urban areas,555,281,830
Namibia,NA,NAM,2018,b,a,15_24,a,All areas,191,53,329
Namibia,NA,NAM,2018,b,a,15plus,a,All areas,465,340,590
Namibia,NA,NAM,2018,b,a,25_34,a,All areas,422,163,681
Namibia,NA,NAM,2018,b,a,35_44,a,All areas,626,311,941
Namibia,NA,NAM,2018,b,a,45_54,a,All areas,879,440,1318
Namibia,NA,NAM,2018,b,a,55_64,a,All areas,706,312,1100
Namibia,NA,NAM,2018,b,a,65plus,a,All areas,623,272,974
Namibia,NA,NAM,2018,b,f,15plus,a,All areas,304,196,413
Namibia,NA,NAM,2018,b,m,15plus,a,All areas,643,429,858
Namibia,NA,NAM,2018,a,a,all,a,All areas,425,308,542
Namibia,NA,NAM,2018,b,a,15plus,r,Rural areas,391,277,506
Namibia,NA,NAM,2018,b,a,15plus,u,Urban areas,537,322,753
Nigeria,NG,NGA,2012,a,a,all,a,All areas,323,239,406
Nigeria,NG,NGA,2012,b,a,15_24,a,All areas,274,130,419
Nigeria,NG,NGA,2012,b,a,15plus,a,All areas,524,378,670
Nigeria,NG,NGA,2012,b,a,25_34,a,All areas,496,312,680
Nigeria,NG,NGA,2012,b,a,35_44,a,All areas,613,316,911
Nigeria,NG,NGA,2012,b,a,45_54,a,All areas,750,420,1079
Nigeria,NG,NGA,2012,b,a,55_64,a,All areas,599,262,936
Nigeria,NG,NGA,2012,b,a,65plus,a,All areas,660,318,1003
Nigeria,NG,NGA,2012,b,f,15plus,a,All areas,359,213,505
Nigeria,NG,NGA,2012,b,m,15plus,a,All areas,751,538,965
Nigeria,NG,NGA,2012,s,a,15_24,a,All areas,193,84,302
Nigeria,NG,NGA,2012,s,a,15plus,a,All areas,318,225,412
Nigeria,NG,NGA,2012,s,a,25_34,a,All areas,291,165,418
Nigeria,NG,NGA,2012,s,a,35_44,a,All areas,367,141,593
Nigeria,NG,NGA,2012,s,a,45_54,a,All areas,494,265,722
Nigeria,NG,NGA,2012,s,a,55_64,a,All areas,331,122,540
Nigeria,NG,NGA,2012,s,a,65plus,a,All areas,332,106,559
Nigeria,NG,NGA,2012,s,f,15plus,a,All areas,198,108,289
Nigeria,NG,NGA,2012,s,m,15plus,a,All areas,484,333,635
Nigeria,NG,NGA,2012,b,a,15plus,r,Rural areas,323,191,456
Nigeria,NG,NGA,2012,b,a,15plus,u,Urban areas,663,441,884
Nigeria,NG,NGA,2012,s,a,15plus,r,Rural areas,182,111,254
Nigeria,NG,NGA,2012,s,a,15plus,u,Urban areas,413,269,5556
Nepal,NP,NPL,2018,b,a,15_24,a,All areas,144,82,206
Nepal,NP,NPL,2018,b,a,15plus,a,All areas,374,308,441
Nepal,NP,NPL,2018,b,a,25_34,a,All areas,148,74,223
Nepal,NP,NPL,2018,b,a,35_44,a,All areas,276,161,391
Nepal,NP,NPL,2018,b,a,45_54,a,All areas,488,292,682
Nepal,NP,NPL,2018,b,a,55_64,a,All areas,813,521,1106
Nepal,NP,NPL,2018,b,a,65plus,a,All areas,1427,1086,1769
Nepal,NP,NPL,2018,b,f,15plus,a,All areas,235,171,299
Nepal,NP,NPL,2018,b,m,15plus,a,All areas,530,428,632
Nepal,NP,NPL,2018,a,a,all,a,All areas,416,314,519
Nepal,NP,NPL,2018,b,a,15plus,n07,Hill,401,287,514
Nepal,NP,NPL,2018,b,a,15plus,n08,Kathmandu,276,97,456
Nepal,NP,NPL,2018,b,a,15plus,n09,Terai,393,293,493
Nepal,NP,NPL,2018,b,a,15plus,n15,Mountain,307,113,501
Pakistan,PK,PAK,2011,a,a,all,a,All areas,348,287,409
Pakistan,PK,PAK,2011,b,a,15_24,a,All areas,242,168,315
Pakistan,PK,PAK,2011,b,a,15plus,a,All areas,398,333,463
Pakistan,PK,PAK,2011,b,a,25_34,a,All areas,228,149,307
Pakistan,PK,PAK,2011,b,a,35_44,a,All areas,398,275,521
Pakistan,PK,PAK,2011,b,a,45_54,a,All areas,517,362,671
Pakistan,PK,PAK,2011,b,a,55_64,a,All areas,587,377,797
Pakistan,PK,PAK,2011,b,a,65plus,a,All areas,1369,1028,1710
Pakistan,PK,PAK,2011,b,f,15plus,a,All areas,320,253,388
Pakistan,PK,PAK,2011,b,m,15plus,a,All areas,484,392,577
Pakistan,PK,PAK,2011,s,a,15_24,a,All areas,180,120,239
Pakistan,PK,PAK,2011,s,a,25_34,a,All areas,163,100,226
Pakistan,PK,PAK,2011,s,a,35_44,a,All areas,293,196,391
Pakistan,PK,PAK,2011,s,a,45_54,a,All areas,392,254,530
Pakistan,PK,PAK,2011,s,a,55_64,a,All areas,386,231,540
Pakistan,PK,PAK,2011,s,a,65plus,a,All areas,691,439,942
Pakistan,PK,PAK,2011,s,f,15plus,a,All areas,197,145,249
Pakistan,PK,PAK,2011,s,m,15plus,a,All areas,352,273,431
Pakistan,PK,PAK,2011,s,a,15plus,a,All areas,270,217,323
Pakistan,PK,PAK,2011,b,a,15plus,r,Rural areas,471,377,564
Pakistan,PK,PAK,2011,b,a,15plus,u,Urban areas,310,234,386
Pakistan,PK,PAK,2011,s,a,15plus,r,Rural areas,321,241,401
Pakistan,PK,PAK,2011,s,a,15plus,u,Urban areas,209,147,270
Philippines,PH,PHL,1997,a,a,all,a,All areas,855,660,1076
Philippines,PH,PHL,1997,b,a,10_29,a,All areas,400,,
Philippines,PH,PHL,1997,b,a,10plus,a,All areas,960,750,1160
Philippines,PH,PHL,1997,b,a,30_49,a,All areas,1570,,
Philippines,PH,PHL,1997,b,a,50plus,a,All areas,1650,,
Philippines,PH,PHL,1997,b,f,10plus,a,All areas,580,,
Philippines,PH,PHL,1997,b,m,10plus,a,All areas,1390,,
Philippines,PH,PHL,1997,s,a,10_29,a,All areas,150,,
Philippines,PH,PHL,1997,s,a,10plus,a,All areas,360,280,450
Philippines,PH,PHL,1997,s,a,30_49,a,All areas,530,,
Philippines,PH,PHL,1997,s,a,50plus,a,All areas,710,,
Philippines,PH,PHL,1997,s,f,10plus,a,All areas,190,,
Philippines,PH,PHL,1997,s,m,10plus,a,All areas,540,,
Philippines,PH,PHL,2007,a,a,all,a,All areas,576,515,640
Philippines,PH,PHL,2007,b,f,10plus,a,All areas,370,260,510
Philippines,PH,PHL,2007,b,m,10plus,a,All areas,970,780,1180
Philippines,PH,PHL,2007,s,f,10plus,a,All areas,190,120,290
Philippines,PH,PHL,2007,s,m,10plus,a,All areas,350,240,480
Philippines,PH,PHL,2007,b,a,10_19,a,All areas,180,90,310
Philippines,PH,PHL,2007,b,a,20_29,a,All areas,500,300,770
Philippines,PH,PHL,2007,b,a,30_39,a,All areas,600,370,920
Philippines,PH,PHL,2007,b,a,40_49,a,All areas,1100,750,1560
Philippines,PH,PHL,2007,b,a,50plus,a,All areas,1320,990,1720
Philippines,PH,PHL,2007,s,a,10_19,a,All areas,20,0,90
Philippines,PH,PHL,2007,s,a,20_29,a,All areas,220,100,420
Philippines,PH,PHL,2007,s,a,30_39,a,All areas,240,100,470
Philippines,PH,PHL,2007,s,a,40_49,a,All areas,460,250,790
Philippines,PH,PHL,2007,s,a,50plus,a,All areas,590,380,870
Philippines,PH,PHL,2007,b,a,10plus,a,All areas,660,530,800
Philippines,PH,PHL,2007,s,a,10plus,a,All areas,280,190,370
Philippines,PH,PHL,2007,b,a,15_24,a,All areas,336,185,487
Philippines,PH,PHL,2007,b,a,15plus,a,All areas,555,466,662
Philippines,PH,PHL,2007,b,a,25_34,a,All areas,359,177,540
Philippines,PH,PHL,2007,b,a,35_44,a,All areas,585,329,842
Philippines,PH,PHL,2007,b,a,45_54,a,All areas,1221,798,1645
Philippines,PH,PHL,2007,b,a,55_64,a,All areas,1134,624,1644
Philippines,PH,PHL,2007,b,a,65plus,a,All areas,1406,790,2023
Philippines,PH,PHL,2007,s,a,15_24,a,All areas,54,0,114
Philippines,PH,PHL,2007,s,a,15plus,a,All areas,233,170,296
Philippines,PH,PHL,2007,s,a,25_34,a,All areas,169,44,294
Philippines,PH,PHL,2007,s,a,35_44,a,All areas,326,133,519
Philippines,PH,PHL,2007,s,a,45_54,a,All areas,422,173,671
Philippines,PH,PHL,2007,s,a,55_64,a,All areas,661,270,1051
Philippines,PH,PHL,2007,s,a,65plus,a,All areas,638,221,1055
Philippines,PH,PHL,2007,b,a,15plus,n01,Metro Manila,640,160,1120
Philippines,PH,PHL,2007,b,a,15plus,n02,Other urban,680,500,860
Philippines,PH,PHL,2007,b,a,15plus,r,Rural areas,650,460,850
Philippines,PH,PHL,2007,s,a,15plus,n01,Metro Manila,430,0,870
Philippines,PH,PHL,2007,s,a,15plus,n02,Other urban,250,150,360
Philippines,PH,PHL,2007,s,a,15plus,r,Rural areas,260,150,360
Philippines,PH,PHL,2016,a,a,all,a,All areas,982,862,1100
Philippines,PH,PHL,2016,b,a,15_24,a,All areas,799,586,1011
Philippines,PH,PHL,2016,b,a,15plus,a,All areas,1159,1016,1301
Philippines,PH,PHL,2016,b,a,25_34,a,All areas,900,677,1123
Philippines,PH,PHL,2016,b,a,35_44,a,All areas,1126,821,1430
Philippines,PH,PHL,2016,b,a,45_54,a,All areas,1714,1364,2064
Philippines,PH,PHL,2016,b,a,55_64,a,All areas,1504,1104,1903
Philippines,PH,PHL,2016,b,a,65plus,a,All areas,1659,1261,2058
Philippines,PH,PHL,2016,b,f,15plus,a,All areas,627,516,739
Philippines,PH,PHL,2016,b,m,15plus,a,All areas,1713,1482,1943
Philippines,PH,PHL,2016,s,a,15_24,a,All areas,330,197,463
Philippines,PH,PHL,2016,s,a,15plus,a,All areas,434,350,518
Philippines,PH,PHL,2016,s,a,25_34,a,All areas,326,195,458
Philippines,PH,PHL,2016,s,a,35_44,a,All areas,470,298,641
Philippines,PH,PHL,2016,s,a,45_54,a,All areas,665,438,891
Philippines,PH,PHL,2016,s,a,55_64,a,All areas,488,285,691
Philippines,PH,PHL,2016,s,a,65plus,a,All areas,503,310,696
Philippines,PH,PHL,2016,s,f,15plus,a,All areas,205,141,270
Philippines,PH,PHL,2016,s,m,15plus,a,All areas,673,528,819
Philippines,PH,PHL,2016,b,a,15plus,n03,NCR regions 3 and 4-A,1358,1103,1612
Philippines,PH,PHL,2016,b,a,15plus,n04,Rest of Luzon,1038,787,1288
Philippines,PH,PHL,2016,b,a,15plus,n05,Visayas,1234,873,1594
Philippines,PH,PHL,2016,b,a,15plus,n06,Mindanao,856,686,1026
Philippines,PH,PHL,2016,s,a,15plus,n03,NCR regions 3 and 4-A,599,451,747
Philippines,PH,PHL,2016,s,a,15plus,n04,Rest of Luzon,258,138,378
Philippines,PH,PHL,2016,s,a,15plus,n05,Visayas,471,261,680
Philippines,PH,PHL,2016,s,a,15plus,n06,Mindanao,268,173,364
Democratic People's Republic of Korea,KP,PRK,2016,a,a,all,a,All areas,600,527,676
Democratic People's Republic of Korea,KP,PRK,2016,b,a,15_24,a,All areas,155,70,240
Democratic People's Republic of Korea,KP,PRK,2016,b,a,15plus,a,All areas,587,520,655
Democratic People's Republic of Korea,KP,PRK,2016,b,a,25_34,a,All areas,579,410,748
Democratic People's Republic of Korea,KP,PRK,2016,b,a,35_44,a,All areas,764,611,916
Democratic People's Republic of Korea,KP,PRK,2016,b,a,45_54,a,All areas,877,705,1049
Democratic People's Republic of Korea,KP,PRK,2016,b,a,55_64,a,All areas,595,410,781
Democratic People's Republic of Korea,KP,PRK,2016,b,a,65plus,a,All areas,444,264,624
Democratic People's Republic of Korea,KP,PRK,2016,b,f,15plus,a,All areas,319,256,382
Democratic People's Republic of Korea,KP,PRK,2016,b,m,15plus,a,All areas,917,783,1052
Democratic People's Republic of Korea,KP,PRK,2016,s,a,15_24,a,All areas,42,0,84
Democratic People's Republic of Korea,KP,PRK,2016,s,a,15plus,a,All areas,330,283,377
Democratic People's Republic of Korea,KP,PRK,2016,s,a,25_34,a,All areas,333,218,448
Democratic People's Republic of Korea,KP,PRK,2016,s,a,35_44,a,All areas,417,302,531
Democratic People's Republic of Korea,KP,PRK,2016,s,a,45_54,a,All areas,525,400,651
Democratic People's Republic of Korea,KP,PRK,2016,s,a,55_64,a,All areas,341,207,474
Democratic People's Republic of Korea,KP,PRK,2016,s,a,65plus,a,All areas,265,137,393
Democratic People's Republic of Korea,KP,PRK,2016,s,f,15plus,a,All areas,164,118,210
Democratic People's Republic of Korea,KP,PRK,2016,s,m,15plus,a,All areas,535,443,627
Democratic People's Republic of Korea,KP,PRK,2016,b,a,15plus,con,Construction unit,102,0,219
Democratic People's Republic of Korea,KP,PRK,2016,b,a,15plus,r,Rural areas,659,555,764
Democratic People's Republic of Korea,KP,PRK,2016,b,a,15plus,u,Urban areas,577,489,665
Democratic People's Republic of Korea,KP,PRK,2016,s,a,15plus,con,Construction unit,66,0,138
Democratic People's Republic of Korea,KP,PRK,2016,s,a,15plus,r,Rural areas,361,288,434
Democratic People's Republic of Korea,KP,PRK,2016,s,a,15plus,u,Urban areas,330,267,394
Rwanda,RW,RWA,2012,a,a,all,a,All areas,95,66,124
Rwanda,RW,RWA,2012,b,a,15_34,a,All areas,86,46,125
Rwanda,RW,RWA,2012,b,a,15plus,a,All areas,119,79,160
Rwanda,RW,RWA,2012,b,a,35_54,a,All areas,114,35,193
Rwanda,RW,RWA,2012,b,a,55plus,a,All areas,262,104,421
Rwanda,RW,RWA,2012,s,a,15_34,a,All areas,57,27,86
Rwanda,RW,RWA,2012,s,a,15plus,a,All areas,74,48,99
Rwanda,RW,RWA,2012,s,a,35_54,a,All areas,66,21,110
Rwanda,RW,RWA,2012,s,a,55plus,a,All areas,159,54,263
Rwanda,RW,RWA,2012,s,f,15plus,a,All areas,24,5,43
Rwanda,RW,RWA,2012,s,m,15plus,a,All areas,142,88,196
Rwanda,RW,RWA,2012,b,f,15plus,a,All areas,53,20,86
Rwanda,RW,RWA,2012,b,m,15plus,a,All areas,208,139,278
Sudan,SD,SDN,2013,b,a,15_24,a,All areas,49,21,112
Sudan,SD,SDN,2013,b,a,15plus,a,All areas,183,128,238
Sudan,SD,SDN,2013,b,a,25_34,a,All areas,250,154,408
Sudan,SD,SDN,2013,b,a,35_44,a,All areas,249,154,403
Sudan,SD,SDN,2013,b,a,45_54,a,All areas,227,132,391
Sudan,SD,SDN,2013,b,a,55_64,a,All areas,256,134,487
Sudan,SD,SDN,2013,b,a,65plus,a,All areas,283,163,490
Sudan,SD,SDN,2013,b,f,15plus,a,All areas,143,99,208
Sudan,SD,SDN,2013,b,m,15plus,a,All areas,234,163,334
Sudan,SD,SDN,2013,s,a,15_24,a,All areas,28,9,82
Sudan,SD,SDN,2013,s,a,15plus,a,All areas,87,53,121
Sudan,SD,SDN,2013,s,a,25_34,a,All areas,123,68,220
Sudan,SD,SDN,2013,s,a,35_44,a,All areas,157,88,279
Sudan,SD,SDN,2013,s,a,45_54,a,All areas,68,27,169
Sudan,SD,SDN,2013,s,a,55_64,a,All areas,88,31,246
Sudan,SD,SDN,2013,s,a,65plus,a,All areas,114,51,253
Sudan,SD,SDN,2013,s,f,15plus,a,All areas,58,32,105
Sudan,SD,SDN,2013,s,m,15plus,a,All areas,124,79,194
Sudan,SD,SDN,2013,a,a,all,a,All areas,172,122,222
Sudan,SD,SDN,2013,b,a,15plus,r,Rural areas,137,89,210
Sudan,SD,SDN,2013,b,a,15plus,u,Urban areas,275,178,425
Sudan,SD,SDN,2013,s,a,15plus,r,Rural areas,55,29,108
Sudan,SD,SDN,2013,s,a,15plus,u,Urban areas,150,93,243
Eswatini,SZ,SWZ,2018,b,a,15_24,a,All areas,163,48,278
Eswatini,SZ,SWZ,2018,b,a,15plus,a,All areas,352,264,440
Eswatini,SZ,SWZ,2018,b,a,25_34,a,All areas,336,164,509
Eswatini,SZ,SWZ,2018,b,a,35_44,a,All areas,419,149,688
Eswatini,SZ,SWZ,2018,b,a,45_54,a,All areas,703,245,1161
Eswatini,SZ,SWZ,2018,b,a,55_64,a,All areas,305,63,548
Eswatini,SZ,SWZ,2018,b,a,65plus,a,All areas,608,255,961
Eswatini,SZ,SWZ,2018,b,f,15plus,a,All areas,293,181,404
Eswatini,SZ,SWZ,2018,b,m,15plus,a,All areas,425,277,574
Eswatini,SZ,SWZ,2018,a,a,all,a,All areas,354,249,458
Eswatini,SZ,SWZ,2018,b,a,15plus,r,Rural areas,344,251,437
Eswatini,SZ,SWZ,2018,b,a,15plus,u,Urban areas,385,116,654
Thailand,TH,THA,1991,b,a,10plus,a,All areas,240,,
Thailand,TH,THA,1991,s,a,10plus,a,All areas,170,,
Thailand,TH,THA,2012,b,a,15_24,a,All areas,218,86,555
Thailand,TH,THA,2012,b,a,15plus,a,All areas,242,176,322
Thailand,TH,THA,2012,b,a,25_34,a,All areas,186,91,380
Thailand,TH,THA,2012,b,a,35_44,a,All areas,134,69,259
Thailand,TH,THA,2012,b,a,45_54,a,All areas,265,146,482
Thailand,TH,THA,2012,b,a,55_64,a,All areas,295,187,463
Thailand,TH,THA,2012,b,a,65plus,a,All areas,465,290,743
Thailand,TH,THA,2012,b,f,15plus,a,All areas,115,71,184
Thailand,TH,THA,2012,b,m,15plus,a,All areas,376,264,535
Thailand,TH,THA,2012,s,a,15_24,a,All areas,22,2,215
Thailand,TH,THA,2012,s,a,15plus,a,All areas,104,55,195
Thailand,TH,THA,2012,s,a,25_34,a,All areas,126,44,362
Thailand,TH,THA,2012,s,a,35_44,a,All areas,49,18,132
Thailand,TH,THA,2012,s,a,45_54,a,All areas,109,27,439
Thailand,TH,THA,2012,s,a,55_64,a,All areas,164,92,293
Thailand,TH,THA,2012,s,a,65plus,a,All areas,204,108,384
Thailand,TH,THA,2012,s,f,15plus,a,All areas,51,23,117
Thailand,TH,THA,2012,s,m,15plus,a,All areas,159,82,306
Thailand,TH,THA,2012,a,a,all,a,All areas,243,156,330
Thailand,TH,THA,2012,b,a,15plus,r,Rural areas,220,220,284
Thailand,TH,THA,2012,b,a,15plus,u,Urban areas,286,286,518
Thailand,TH,THA,2012,s,a,15plus,r,Rural areas,82,55,122
Thailand,TH,THA,2012,s,a,15plus,u,Urban areas,147,48,445
United Republic of Tanzania,TZ,TZA,2012,a,a,all,a,All areas,443,258,629
United Republic of Tanzania,TZ,TZA,2012,b,a,15plus,a,All areas,590,330,860
United Republic of Tanzania,TZ,TZA,2012,s,a,15_24,a,All areas,51,13,88
United Republic of Tanzania,TZ,TZA,2012,s,a,15plus,a,All areas,275,232,326
United Republic of Tanzania,TZ,TZA,2012,s,a,25_34,a,All areas,280,178,381
United Republic of Tanzania,TZ,TZA,2012,s,a,35_44,a,All areas,316,199,433
United Republic of Tanzania,TZ,TZA,2012,s,a,45_54,a,All areas,241,123,359
United Republic of Tanzania,TZ,TZA,2012,s,a,55_64,a,All areas,462,264,660
United Republic of Tanzania,TZ,TZA,2012,s,a,65plus,a,All areas,662,436,888
United Republic of Tanzania,TZ,TZA,2012,s,f,15plus,a,All areas,179,130,228
United Republic of Tanzania,TZ,TZA,2012,s,m,15plus,a,All areas,407,319,494
United Republic of Tanzania,TZ,TZA,2012,s,a,15plus,r,Rural areas,268,210,327
United Republic of Tanzania,TZ,TZA,2012,s,a,15plus,su,Semi-urban,302,201,404
United Republic of Tanzania,TZ,TZA,2012,s,a,15plus,u,Urban areas,328,184,471
Uganda,UG,UGA,2015,a,a,all,a,All areas,253,191,315
Uganda,UG,UGA,2015,b,a,15_24,a,All areas,228,117,338
Uganda,UG,UGA,2015,b,a,15plus,a,All areas,401,292,509
Uganda,UG,UGA,2015,b,a,25_34,a,All areas,442,291,592
Uganda,UG,UGA,2015,b,a,35_44,a,All areas,624,379,869
Uganda,UG,UGA,2015,b,a,45_54,a,All areas,565,280,850
Uganda,UG,UGA,2015,b,a,55_64,a,All areas,636,277,995
Uganda,UG,UGA,2015,b,a,65plus,a,All areas,570,261,879
Uganda,UG,UGA,2015,b,f,15plus,a,All areas,178,109,248
Uganda,UG,UGA,2015,b,m,15plus,a,All areas,734,554,914
Uganda,UG,UGA,2015,s,a,15_24,a,All areas,124,50,198
Uganda,UG,UGA,2015,s,a,15plus,a,All areas,174,111,238
Uganda,UG,UGA,2015,s,a,25_34,a,All areas,191,98,284
Uganda,UG,UGA,2015,s,a,35_44,a,All areas,294,162,425
Uganda,UG,UGA,2015,s,a,45_54,a,All areas,164,25,303
Uganda,UG,UGA,2015,s,a,55_64,a,All areas,254,26,481
Uganda,UG,UGA,2015,s,a,65plus,a,All areas,85,2,205
Uganda,UG,UGA,2015,s,f,15plus,a,All areas,70,25,114
Uganda,UG,UGA,2015,s,m,15plus,a,All areas,314,216,413
Uganda,UG,UGA,2015,b,a,15plus,r,Rural areas,370,237,504
Uganda,UG,UGA,2015,b,a,15plus,u,Urban areas,504,355,652
Uganda,UG,UGA,2015,s,a,15plus,r,Rural areas,169,91,248
Uganda,UG,UGA,2015,s,a,15plus,u,Urban areas,191,113,270
Viet Nam,VN,VNM,2007,a,a,all,a,All areas,266,117,477
Viet Nam,VN,VNM,2007,b,a,15_24,a,All areas,55,22,88
Viet Nam,VN,VNM,2007,b,a,15plus,a,All areas,307,249,366
Viet Nam,VN,VNM,2007,b,a,25_34,a,All areas,136,63,210
Viet Nam,VN,VNM,2007,b,a,35_44,a,All areas,321,222,420
Viet Nam,VN,VNM,2007,b,a,45_54,a,All areas,344,228,460
Viet Nam,VN,VNM,2007,b,a,55_64,a,All areas,599,288,910
Viet Nam,VN,VNM,2007,b,a,65plus,a,All areas,764,492,1037
Viet Nam,VN,VNM,2007,b,f,15plus,a,All areas,118,75,161
Viet Nam,VN,VNM,2007,b,m,15plus,a,All areas,536,431,642
Viet Nam,VN,VNM,2007,s,a,15_24,a,All areas,42,12,73
Viet Nam,VN,VNM,2007,s,a,15plus,a,All areas,197,150,244
Viet Nam,VN,VNM,2007,s,a,25_34,a,All areas,84,24,143
Viet Nam,VN,VNM,2007,s,a,35_44,a,All areas,247,157,337
Viet Nam,VN,VNM,2007,s,a,45_54,a,All areas,234,145,322
Viet Nam,VN,VNM,2007,s,a,55_64,a,All areas,329,187,470
Viet Nam,VN,VNM,2007,s,a,65plus,a,All areas,429,239,620
Viet Nam,VN,VNM,2007,s,f,15plus,a,All areas,69,39,99
Viet Nam,VN,VNM,2007,s,m,15plus,a,All areas,351,262,440
Viet Nam,VN,VNM,2007,b,a,15plus,r,Rural areas,344,259,430
Viet Nam,VN,VNM,2007,b,a,15plus,rem,Remote areas,232,131,333
Viet Nam,VN,VNM,2007,b,a,15plus,u,Urban areas,282,188,376
Viet Nam,VN,VNM,2007,s,a,15plus,r,Rural areas,219,145,294
Viet Nam,VN,VNM,2007,s,a,15plus,rem,Remote areas,134,92,177
Viet Nam,VN,VNM,2007,s,a,15plus,u,Urban areas,203,132,274
Viet Nam,VN,VNM,2018,b,a,15_24,a,All areas,63,18,226
Viet Nam,VN,VNM,2018,b,a,15plus,a,All areas,322,260,399
Viet Nam,VN,VNM,2018,b,a,25_34,a,All areas,203,114,360
Viet Nam,VN,VNM,2018,b,a,35_44,a,All areas,287,180,454
Viet Nam,VN,VNM,2018,b,a,45_54,a,All areas,423,300,597
Viet Nam,VN,VNM,2018,b,a,55_64,a,All areas,618,463,823
Viet Nam,VN,VNM,2018,b,a,65plus,a,All areas,689,511,930
Viet Nam,VN,VNM,2018,b,f,15plus,a,All areas,133,89,198
Viet Nam,VN,VNM,2018,b,m,15plus,a,All areas,522,420,648
Viet Nam,VN,VNM,2018,a,a,all,a,All areas,289,224,353
Viet Nam,VN,VNM,2018,b,a,15plus,r,Rural areas,309,181,526
Viet Nam,VN,VNM,2018,b,a,15plus,rem,Remote areas,241,182,572
Viet Nam,VN,VNM,2018,b,a,15plus,u,Urban areas,445,327,604
Viet Nam,VN,VNM,2018,s,a,15plus,r,Rural areas,76,44,133
Viet Nam,VN,VNM,2018,s,a,15plus,rem,Remote areas,37,15,93
Viet Nam,VN,VNM,2018,s,a,15plus,u,Urban areas,140,86,228
South Africa,ZA,ZAF,2018,b,a,15_24,a,All areas,432,232,632
South Africa,ZA,ZAF,2018,b,a,15plus,a,All areas,852,679,1026
South Africa,ZA,ZAF,2018,b,a,25_34,a,All areas,902,583,1221
South Africa,ZA,ZAF,2018,b,a,35_44,a,All areas,1107,703,1511
South Africa,ZA,ZAF,2018,b,a,45_54,a,All areas,1063,682,1443
South Africa,ZA,ZAF,2018,b,a,55_64,a,All areas,845,505,1186
South Africa,ZA,ZAF,2018,b,a,65plus,a,All areas,1104,680,1528
South Africa,ZA,ZAF,2018,b,f,15plus,a,All areas,675,494,855
South Africa,ZA,ZAF,2018,b,m,15plus,a,All areas,1094,835,1352
South Africa,ZA,ZAF,2018,a,a,all,a,All areas,737,584,891
South Africa,ZA,ZAF,2018,b,a,15plus,n12,Stratum 1: low case notification rate: Gautang; Limpopo,338,220,457
South Africa,ZA,ZAF,2018,b,a,15plus,n13,Stratum 2: medium case notification rate: Mpumalanga; North West; Western Cape,933,548,1318
South Africa,ZA,ZAF,2018,b,a,15plus,n14,Stratum 3: high case notification rate: Eastern Cape; Free State; KwaZulu Natal; Northern Cape,1236,945,1526
Zambia,ZM,ZMB,2014,b,a,15_24,a,All areas,285,157,412
Zambia,ZM,ZMB,2014,b,a,15plus,a,All areas,638,502,774
Zambia,ZM,ZMB,2014,b,a,25_34,a,All areas,664,337,891
Zambia,ZM,ZMB,2014,b,a,35_44,a,All areas,947,660,1237
Zambia,ZM,ZMB,2014,b,a,45_54,a,All areas,926,611,1240
Zambia,ZM,ZMB,2014,b,a,55_64,a,All areas,708,401,1013
Zambia,ZM,ZMB,2014,b,a,65plus,a,All areas,876,535,1218
Zambia,ZM,ZMB,2014,b,f,15plus,a,All areas,487,353,621
Zambia,ZM,ZMB,2014,b,m,15plus,a,All areas,833,641,1024
Zambia,ZM,ZMB,2014,s,a,15_24,a,All areas,154,71,236
Zambia,ZM,ZMB,2014,s,a,15plus,a,All areas,319,232,406
Zambia,ZM,ZMB,2014,s,a,25_34,a,All areas,422,245,599
Zambia,ZM,ZMB,2014,s,a,35_44,a,All areas,496,315,676
Zambia,ZM,ZMB,2014,s,a,45_54,a,All areas,323,139,507
Zambia,ZM,ZMB,2014,s,a,55_64,a,All areas,333,149,517
Zambia,ZM,ZMB,2014,s,a,65plus,a,All areas,288,91,485
Zambia,ZM,ZMB,2014,s,f,15plus,a,All areas,221,139,303
Zambia,ZM,ZMB,2014,s,m,15plus,a,All areas,445,309,580
Zambia,ZM,ZMB,2014,a,a,all,a,All areas,455,366,544
Zambia,ZM,ZMB,2014,b,a,15plus,r,Rural areas,460,344,577
Zambia,ZM,ZMB,2014,b,a,15plus,u,Urban areas,993,714,1273
Zambia,ZM,ZMB,2014,s,a,15plus,r,Rural areas,187,130,243
Zambia,ZM,ZMB,2014,s,a,15plus,u,Urban areas,583,391,775
Zimbabwe,ZW,ZWE,2014,a,a,all,a,All areas,275,217,334
Zimbabwe,ZW,ZWE,2014,b,a,15_24,a,All areas,129,68,245
Zimbabwe,ZW,ZWE,2014,b,a,15plus,a,All areas,344,268,420
Zimbabwe,ZW,ZWE,2014,b,a,25_34,a,All areas,373,255,546
Zimbabwe,ZW,ZWE,2014,b,a,35_44,a,All areas,546,371,804
Zimbabwe,ZW,ZWE,2014,b,a,45_54,a,All areas,310,168,570
Zimbabwe,ZW,ZWE,2014,b,a,55_64,a,All areas,490,276,869
Zimbabwe,ZW,ZWE,2014,s,a,15_24,a,All areas,52,21,131
Zimbabwe,ZW,ZWE,2014,s,a,15plus,a,All areas,82,47,118
Zimbabwe,ZW,ZWE,2014,s,a,35_44,a,All areas,85,34,215
Zimbabwe,ZW,ZWE,2014,s,a,45_54,a,All areas,75,23,248
Zimbabwe,ZW,ZWE,2014,s,a,55_64,a,All areas,35,5,277
Zimbabwe,ZW,ZWE,2014,s,a,65plus,a,All areas,47,7,341
Zimbabwe,ZW,ZWE,2014,b,a,65plus,a,All areas,547,310,962
Zimbabwe,ZW,ZWE,2014,b,f,15plus,a,All areas,288,189,386
Zimbabwe,ZW,ZWE,2014,b,m,15plus,a,All areas,413,303,523
Zimbabwe,ZW,ZWE,2014,s,a,25_34,a,All areas,138,70,274
Zimbabwe,ZW,ZWE,2014,s,f,15plus,a,All areas,65,27,104
Zimbabwe,ZW,ZWE,2014,s,m,15plus,a,All areas,103,43,163
Zimbabwe,ZW,ZWE,2014,b,a,15plus,r,Rural areas,337,243,431
Zimbabwe,ZW,ZWE,2014,b,a,15plus,u,Urban areas,355,228,482
Zimbabwe,ZW,ZWE,2014,s,a,15plus,r,Rural areas,64,36,114
Zimbabwe,ZW,ZWE,2014,s,a,15plus,u,Urban areas,116,38,193
