iso3,year,risk.factor,measure,unit,sex,age,best,lo,hi
AFG,2021,hiv,inc,num,a,a,385,8,1457
AFG,2021,diabetes,inc,num,a,18+,3970,649,10234
AFG,2021,diabetes,inc,num,f,18+,2112,434,5090
AFG,2021,diabetes,inc,num,m,18+,1854,362,4542
AFG,2021,alcohol,inc,num,a,15+,655,82,1808
AFG,2021,alcohol,inc,num,f,15+,85,17,206
AFG,2021,alcohol,inc,num,m,15+,468,96,1128
AFG,2021,smoking,inc,num,a,15+,3003,230,9240
AFG,2021,smoking,inc,num,f,15+,313,47,824
AFG,2021,smoking,inc,num,m,15+,2487,405,6421
AFG,2021,undernutrition,inc,num,a,a,26498,16889,38236
AGO,2021,hiv,inc,num,a,a,15913,5102,32762
AGO,2021,diabetes,inc,num,a,18+,4301,378,12871
AGO,2021,diabetes,inc,num,f,18+,1703,192,4823
AGO,2021,diabetes,inc,num,m,18+,2587,284,7375
AGO,2021,alcohol,inc,num,a,15+,13302,1805,36034
AGO,2021,alcohol,inc,num,f,15+,1734,339,4245
AGO,2021,alcohol,inc,num,m,15+,12444,2818,29083
AGO,2021,smoking,inc,num,a,15+,,,
AGO,2021,smoking,inc,num,f,15+,,,
AGO,2021,smoking,inc,num,m,15+,,,
AGO,2021,undernutrition,inc,num,a,a,29917,19635,42329
ALB,2021,hiv,inc,num,a,a,4,1,9
ALB,2021,diabetes,inc,num,a,18+,14,5,28
ALB,2021,diabetes,inc,num,f,18+,3,1,7
ALB,2021,diabetes,inc,num,m,18+,10,3,21
ALB,2021,alcohol,inc,num,a,15+,50,20,92
ALB,2021,alcohol,inc,num,f,15+,5,2,9
ALB,2021,alcohol,inc,num,m,15+,54,26,93
ALB,2021,smoking,inc,num,a,15+,42,13,88
ALB,2021,smoking,inc,num,f,15+,3,1,6
ALB,2021,smoking,inc,num,m,15+,48,18,92
ALB,2021,undernutrition,inc,num,a,a,37,32,44
AND,2021,hiv,inc,num,a,a,,,
AND,2021,diabetes,inc,num,a,18+,0,0,0
AND,2021,diabetes,inc,num,f,18+,0,0,0
AND,2021,diabetes,inc,num,m,18+,0,0,0
AND,2021,alcohol,inc,num,a,15+,0,0,0
AND,2021,alcohol,inc,num,f,15+,0,0,0
AND,2021,alcohol,inc,num,m,15+,0,0,0
AND,2021,smoking,inc,num,a,15+,0,0,0
AND,2021,smoking,inc,num,f,15+,0,0,0
AND,2021,smoking,inc,num,m,15+,0,0,0
AND,2021,undernutrition,inc,num,a,a,,,
ARE,2021,hiv,inc,num,a,a,0,0,0
ARE,2021,diabetes,inc,num,a,18+,4,2,8
ARE,2021,diabetes,inc,num,f,18+,1,0,2
ARE,2021,diabetes,inc,num,m,18+,0,0,0
ARE,2021,alcohol,inc,num,a,15+,1,0,2
ARE,2021,alcohol,inc,num,f,15+,0,0,0
ARE,2021,alcohol,inc,num,m,15+,0,0,0
ARE,2021,smoking,inc,num,a,15+,,,
ARE,2021,smoking,inc,num,f,15+,,,
ARE,2021,smoking,inc,num,m,15+,,,
ARE,2021,undernutrition,inc,num,a,a,5,4,6
ARG,2021,hiv,inc,num,a,a,770,255,1565
ARG,2021,diabetes,inc,num,a,18+,638,228,1256
ARG,2021,diabetes,inc,num,f,18+,259,93,510
ARG,2021,diabetes,inc,num,m,18+,378,131,754
ARG,2021,alcohol,inc,num,a,15+,1872,709,3589
ARG,2021,alcohol,inc,num,f,15+,373,155,686
ARG,2021,alcohol,inc,num,m,15+,1594,742,2766
ARG,2021,smoking,inc,num,a,15+,1549,423,3394
ARG,2021,smoking,inc,num,f,15+,520,175,1049
ARG,2021,smoking,inc,num,m,15+,1065,373,2114
ARG,2021,undernutrition,inc,num,a,a,1082,905,1274
ARM,2021,hiv,inc,num,a,a,31,9,67
ARM,2021,diabetes,inc,num,a,18+,32,11,64
ARM,2021,diabetes,inc,num,f,18+,8,3,17
ARM,2021,diabetes,inc,num,m,18+,22,7,44
ARM,2021,alcohol,inc,num,a,15+,69,25,136
ARM,2021,alcohol,inc,num,f,15+,7,2,14
ARM,2021,alcohol,inc,num,m,15+,78,32,143
ARM,2021,smoking,inc,num,a,15+,70,19,155
ARM,2021,smoking,inc,num,f,15+,1,0,2
ARM,2021,smoking,inc,num,m,15+,86,30,171
ARM,2021,undernutrition,inc,num,a,a,53,39,70
ATG,2021,hiv,inc,num,a,a,,,
ATG,2021,diabetes,inc,num,a,18+,0,0,0
ATG,2021,diabetes,inc,num,f,18+,0,,
ATG,2021,diabetes,inc,num,m,18+,0,0,0
ATG,2021,alcohol,inc,num,a,15+,0,0,0
ATG,2021,alcohol,inc,num,f,15+,0,,
ATG,2021,alcohol,inc,num,m,15+,0,0,0
ATG,2021,smoking,inc,num,a,15+,,,
ATG,2021,smoking,inc,num,f,15+,,,
ATG,2021,smoking,inc,num,m,15+,,,
ATG,2021,undernutrition,inc,num,a,a,,,
AUS,2021,hiv,inc,num,a,a,44,14,90
AUS,2021,diabetes,inc,num,a,18+,53,21,100
AUS,2021,diabetes,inc,num,f,18+,21,8,41
AUS,2021,diabetes,inc,num,m,18+,30,11,57
AUS,2021,alcohol,inc,num,a,15+,173,67,328
AUS,2021,alcohol,inc,num,f,15+,52,22,95
AUS,2021,alcohol,inc,num,m,15+,113,50,202
AUS,2021,smoking,inc,num,a,15+,117,33,253
AUS,2021,smoking,inc,num,f,15+,46,15,94
AUS,2021,smoking,inc,num,m,15+,66,22,134
AUS,2021,undernutrition,inc,num,a,a,87,74,101
AUT,2021,hiv,inc,num,a,a,9,2,19
AUT,2021,diabetes,inc,num,a,18+,8,3,16
AUT,2021,diabetes,inc,num,f,18+,2,0,4
AUT,2021,diabetes,inc,num,m,18+,6,2,13
AUT,2021,alcohol,inc,num,a,15+,90,42,156
AUT,2021,alcohol,inc,num,f,15+,17,7,30
AUT,2021,alcohol,inc,num,m,15+,75,39,123
AUT,2021,smoking,inc,num,a,15+,46,15,94
AUT,2021,smoking,inc,num,f,15+,14,5,29
AUT,2021,smoking,inc,num,m,15+,29,10,58
AUT,2021,undernutrition,inc,num,a,a,23,19,26
AZE,2021,hiv,inc,num,a,a,119,35,255
AZE,2021,diabetes,inc,num,a,18+,335,115,669
AZE,2021,diabetes,inc,num,f,18+,125,44,248
AZE,2021,diabetes,inc,num,m,18+,201,66,410
AZE,2021,alcohol,inc,num,a,15+,704,241,1411
AZE,2021,alcohol,inc,num,f,15+,96,36,185
AZE,2021,alcohol,inc,num,m,15+,688,287,1263
AZE,2021,smoking,inc,num,a,15+,562,137,1279
AZE,2021,smoking,inc,num,f,15+,1,0,2
AZE,2021,smoking,inc,num,m,15+,643,216,1300
AZE,2021,undernutrition,inc,num,a,a,335,263,415
BDI,2021,hiv,inc,num,a,a,1315,396,2775
BDI,2021,diabetes,inc,num,a,18+,252,21,757
BDI,2021,diabetes,inc,num,f,18+,92,11,254
BDI,2021,diabetes,inc,num,m,18+,157,18,441
BDI,2021,alcohol,inc,num,a,15+,1661,232,4466
BDI,2021,alcohol,inc,num,f,15+,233,51,551
BDI,2021,alcohol,inc,num,m,15+,1609,412,3605
BDI,2021,smoking,inc,num,a,15+,501,30,1611
BDI,2021,smoking,inc,num,f,15+,46,6,123
BDI,2021,smoking,inc,num,m,15+,533,84,1386
BDI,2021,undernutrition,inc,num,a,a,,,
BEL,2021,hiv,inc,num,a,a,37,12,76
BEL,2021,diabetes,inc,num,a,18+,21,8,40
BEL,2021,diabetes,inc,num,f,18+,5,1,10
BEL,2021,diabetes,inc,num,m,18+,16,6,33
BEL,2021,alcohol,inc,num,a,15+,148,63,269
BEL,2021,alcohol,inc,num,f,15+,28,12,50
BEL,2021,alcohol,inc,num,m,15+,132,64,223
BEL,2021,smoking,inc,num,a,15+,97,29,202
BEL,2021,smoking,inc,num,f,15+,29,10,58
BEL,2021,smoking,inc,num,m,15+,67,23,132
BEL,2021,undernutrition,inc,num,a,a,48,41,56
BEN,2021,hiv,inc,num,a,a,611,178,1308
BEN,2021,diabetes,inc,num,a,18+,233,34,618
BEN,2021,diabetes,inc,num,f,18+,86,15,216
BEN,2021,diabetes,inc,num,m,18+,147,25,376
BEN,2021,alcohol,inc,num,a,15+,863,144,2211
BEN,2021,alcohol,inc,num,f,15+,118,26,278
BEN,2021,alcohol,inc,num,m,15+,823,214,1832
BEN,2021,smoking,inc,num,a,15+,142,11,436
BEN,2021,smoking,inc,num,f,15+,15,2,41
BEN,2021,smoking,inc,num,m,15+,148,23,385
BEN,2021,undernutrition,inc,num,a,a,957,603,1393
BFA,2021,hiv,inc,num,a,a,685,197,1472
BFA,2021,diabetes,inc,num,a,18+,300,37,829
BFA,2021,diabetes,inc,num,f,18+,94,15,244
BFA,2021,diabetes,inc,num,m,18+,222,36,572
BFA,2021,alcohol,inc,num,a,15+,395,51,1084
BFA,2021,alcohol,inc,num,f,15+,24,5,58
BFA,2021,alcohol,inc,num,m,15+,456,102,1069
BFA,2021,smoking,inc,num,a,15+,483,36,1494
BFA,2021,smoking,inc,num,f,15+,33,5,88
BFA,2021,smoking,inc,num,m,15+,529,89,1352
BFA,2021,undernutrition,inc,num,a,a,2322,1482,3347
BGD,2021,hiv,inc,num,a,a,615,180,1311
BGD,2021,diabetes,inc,num,a,18+,17730,5606,36708
BGD,2021,diabetes,inc,num,f,18+,7609,2414,15731
BGD,2021,diabetes,inc,num,m,18+,10118,3242,20837
BGD,2021,alcohol,inc,num,a,15+,6961,1923,15177
BGD,2021,alcohol,inc,num,f,15+,1194,396,2424
BGD,2021,alcohol,inc,num,m,15+,6541,2194,13220
BGD,2021,smoking,inc,num,a,15+,31977,6912,75870
BGD,2021,smoking,inc,num,f,15+,293,74,660
BGD,2021,smoking,inc,num,m,15+,31587,9543,66583
BGD,2021,undernutrition,inc,num,a,a,65119,47253,85805
BGR,2021,hiv,inc,num,a,a,10,3,22
BGR,2021,diabetes,inc,num,a,18+,48,17,93
BGR,2021,diabetes,inc,num,f,18+,15,4,31
BGR,2021,diabetes,inc,num,m,18+,34,11,71
BGR,2021,alcohol,inc,num,a,15+,180,73,335
BGR,2021,alcohol,inc,num,f,15+,19,7,36
BGR,2021,alcohol,inc,num,m,15+,187,84,331
BGR,2021,smoking,inc,num,a,15+,227,76,458
BGR,2021,smoking,inc,num,f,15+,77,28,152
BGR,2021,smoking,inc,num,m,15+,148,52,291
BGR,2021,undernutrition,inc,num,a,a,73,54,96
BHR,2021,hiv,inc,num,a,a,1,0,3
BHR,2021,diabetes,inc,num,a,18+,10,3,18
BHR,2021,diabetes,inc,num,f,18+,3,1,6
BHR,2021,diabetes,inc,num,m,18+,6,2,12
BHR,2021,alcohol,inc,num,a,15+,6,2,13
BHR,2021,alcohol,inc,num,f,15+,0,0,0
BHR,2021,alcohol,inc,num,m,15+,5,2,10
BHR,2021,smoking,inc,num,a,15+,13,3,28
BHR,2021,smoking,inc,num,f,15+,1,0,3
BHR,2021,smoking,inc,num,m,15+,13,4,25
BHR,2021,undernutrition,inc,num,a,a,,,
BHS,2021,hiv,inc,num,a,a,10,4,18
BHS,2021,diabetes,inc,num,a,18+,2,0,4
BHS,2021,diabetes,inc,num,f,18+,0,0,1
BHS,2021,diabetes,inc,num,m,18+,1,0,2
BHS,2021,alcohol,inc,num,a,15+,5,1,9
BHS,2021,alcohol,inc,num,f,15+,1,0,1
BHS,2021,alcohol,inc,num,m,15+,4,2,7
BHS,2021,smoking,inc,num,a,15+,2,0,4
BHS,2021,smoking,inc,num,f,15+,0,0,0
BHS,2021,smoking,inc,num,m,15+,2,0,4
BHS,2021,undernutrition,inc,num,a,a,,,
BIH,2021,hiv,inc,num,a,a,1,0,4
BIH,2021,diabetes,inc,num,a,18+,29,11,57
BIH,2021,diabetes,inc,num,f,18+,10,3,21
BIH,2021,diabetes,inc,num,m,18+,20,6,40
BIH,2021,alcohol,inc,num,a,15+,101,40,191
BIH,2021,alcohol,inc,num,f,15+,15,5,29
BIH,2021,alcohol,inc,num,m,15+,95,41,172
BIH,2021,smoking,inc,num,a,15+,128,41,264
BIH,2021,smoking,inc,num,f,15+,40,13,82
BIH,2021,smoking,inc,num,m,15+,91,32,181
BIH,2021,undernutrition,inc,num,a,a,43,32,55
BLR,2021,hiv,inc,num,a,a,156,45,333
BLR,2021,diabetes,inc,num,a,18+,92,31,185
BLR,2021,diabetes,inc,num,f,18+,26,8,56
BLR,2021,diabetes,inc,num,m,18+,64,18,139
BLR,2021,alcohol,inc,num,a,15+,733,339,1278
BLR,2021,alcohol,inc,num,f,15+,92,39,169
BLR,2021,alcohol,inc,num,m,15+,729,385,1180
BLR,2021,smoking,inc,num,a,15+,287,85,609
BLR,2021,smoking,inc,num,f,15+,42,13,87
BLR,2021,smoking,inc,num,m,15+,285,100,566
BLR,2021,undernutrition,inc,num,a,a,151,113,195
BLZ,2021,hiv,inc,num,a,a,15,5,30
BLZ,2021,diabetes,inc,num,a,18+,5,1,10
BLZ,2021,diabetes,inc,num,f,18+,2,0,4
BLZ,2021,diabetes,inc,num,m,18+,2,0,5
BLZ,2021,alcohol,inc,num,a,15+,12,4,25
BLZ,2021,alcohol,inc,num,f,15+,1,0,3
BLZ,2021,alcohol,inc,num,m,15+,11,5,19
BLZ,2021,smoking,inc,num,a,15+,3,0,8
BLZ,2021,smoking,inc,num,f,15+,0,0,0
BLZ,2021,smoking,inc,num,m,15+,3,1,7
BLZ,2021,undernutrition,inc,num,a,a,12,10,15
BOL,2021,hiv,inc,num,a,a,519,141,1136
BOL,2021,diabetes,inc,num,a,18+,461,96,1106
BOL,2021,diabetes,inc,num,f,18+,195,43,462
BOL,2021,diabetes,inc,num,m,18+,249,48,612
BOL,2021,alcohol,inc,num,a,15+,1606,407,3614
BOL,2021,alcohol,inc,num,f,15+,364,105,781
BOL,2021,alcohol,inc,num,m,15+,1358,427,2817
BOL,2021,smoking,inc,num,a,15+,680,105,1779
BOL,2021,smoking,inc,num,f,15+,82,17,198
BOL,2021,smoking,inc,num,m,15+,678,153,1585
BOL,2021,undernutrition,inc,num,a,a,2835,1794,4111
BRA,2021,hiv,inc,num,a,a,8060,2230,17564
BRA,2021,diabetes,inc,num,a,18+,4301,1583,8353
BRA,2021,diabetes,inc,num,f,18+,1496,539,2932
BRA,2021,diabetes,inc,num,m,18+,2698,925,5402
BRA,2021,alcohol,inc,num,a,15+,9573,3611,18391
BRA,2021,alcohol,inc,num,f,15+,1292,538,2370
BRA,2021,alcohol,inc,num,m,15+,9877,4479,17372
BRA,2021,smoking,inc,num,a,15+,6334,1704,13947
BRA,2021,smoking,inc,num,f,15+,1581,520,3221
BRA,2021,smoking,inc,num,m,15+,5210,1755,10509
BRA,2021,undernutrition,inc,num,a,a,5378,4587,6231
BRB,2021,hiv,inc,num,a,a,0,0,0
BRB,2021,diabetes,inc,num,a,18+,0,0,0
BRB,2021,diabetes,inc,num,f,18+,0,,
BRB,2021,diabetes,inc,num,m,18+,0,0,0
BRB,2021,alcohol,inc,num,a,15+,0,0,1
BRB,2021,alcohol,inc,num,f,15+,0,,
BRB,2021,alcohol,inc,num,m,15+,1,0,2
BRB,2021,smoking,inc,num,a,15+,0,0,0
BRB,2021,smoking,inc,num,f,15+,0,,
BRB,2021,smoking,inc,num,m,15+,0,0,0
BRB,2021,undernutrition,inc,num,a,a,0,0,0
BRN,2021,hiv,inc,num,a,a,4,1,9
BRN,2021,diabetes,inc,num,a,18+,16,5,31
BRN,2021,diabetes,inc,num,f,18+,6,2,12
BRN,2021,diabetes,inc,num,m,18+,9,3,19
BRN,2021,alcohol,inc,num,a,15+,18,6,36
BRN,2021,alcohol,inc,num,f,15+,2,0,4
BRN,2021,alcohol,inc,num,m,15+,18,7,32
BRN,2021,smoking,inc,num,a,15+,30,8,66
BRN,2021,smoking,inc,num,f,15+,1,0,3
BRN,2021,smoking,inc,num,m,15+,32,11,63
BRN,2021,undernutrition,inc,num,a,a,13,11,16
BTN,2021,hiv,inc,num,a,a,40,4,112
BTN,2021,diabetes,inc,num,a,18+,69,24,135
BTN,2021,diabetes,inc,num,f,18+,34,12,67
BTN,2021,diabetes,inc,num,m,18+,33,12,66
BTN,2021,alcohol,inc,num,a,15+,57,18,120
BTN,2021,alcohol,inc,num,f,15+,8,3,17
BTN,2021,alcohol,inc,num,m,15+,42,16,82
BTN,2021,smoking,inc,num,a,15+,,,
BTN,2021,smoking,inc,num,f,15+,,,
BTN,2021,smoking,inc,num,m,15+,,,
BTN,2021,undernutrition,inc,num,a,a,,,
BWA,2021,hiv,inc,num,a,a,3035,1585,4949
BWA,2021,diabetes,inc,num,a,18+,243,66,531
BWA,2021,diabetes,inc,num,f,18+,100,31,211
BWA,2021,diabetes,inc,num,m,18+,135,38,293
BWA,2021,alcohol,inc,num,a,15+,829,244,1764
BWA,2021,alcohol,inc,num,f,15+,94,32,189
BWA,2021,alcohol,inc,num,m,15+,820,330,1527
BWA,2021,smoking,inc,num,a,15+,427,77,1070
BWA,2021,smoking,inc,num,f,15+,36,9,81
BWA,2021,smoking,inc,num,m,15+,451,129,972
BWA,2021,undernutrition,inc,num,a,a,2343,1771,2992
CAF,2021,hiv,inc,num,a,a,6357,2198,12685
CAF,2021,diabetes,inc,num,a,18+,988,78,3019
CAF,2021,diabetes,inc,num,f,18+,381,43,1080
CAF,2021,diabetes,inc,num,m,18+,611,67,1743
CAF,2021,alcohol,inc,num,a,15+,2134,242,6038
CAF,2021,alcohol,inc,num,f,15+,215,42,524
CAF,2021,alcohol,inc,num,m,15+,2163,482,5079
CAF,2021,smoking,inc,num,a,15+,,,
CAF,2021,smoking,inc,num,f,15+,,,
CAF,2021,smoking,inc,num,m,15+,,,
CAF,2021,undernutrition,inc,num,a,a,14847,9600,21218
CAN,2021,hiv,inc,num,a,a,79,25,161
CAN,2021,diabetes,inc,num,a,18+,59,23,111
CAN,2021,diabetes,inc,num,f,18+,23,8,45
CAN,2021,diabetes,inc,num,m,18+,33,11,65
CAN,2021,alcohol,inc,num,a,15+,345,149,623
CAN,2021,alcohol,inc,num,f,15+,85,37,152
CAN,2021,alcohol,inc,num,m,15+,236,114,402
CAN,2021,smoking,inc,num,a,15+,128,37,272
CAN,2021,smoking,inc,num,f,15+,45,15,92
CAN,2021,smoking,inc,num,m,15+,74,25,150
CAN,2021,undernutrition,inc,num,a,a,105,89,122
CHE,2021,hiv,inc,num,a,a,18,5,37
CHE,2021,diabetes,inc,num,a,18+,7,2,14
CHE,2021,diabetes,inc,num,f,18+,2,0,4
CHE,2021,diabetes,inc,num,m,18+,5,1,11
CHE,2021,alcohol,inc,num,a,15+,68,30,121
CHE,2021,alcohol,inc,num,f,15+,11,4,20
CHE,2021,alcohol,inc,num,m,15+,57,29,95
CHE,2021,smoking,inc,num,a,15+,46,15,95
CHE,2021,smoking,inc,num,f,15+,18,6,36
CHE,2021,smoking,inc,num,m,15+,28,10,55
CHE,2021,undernutrition,inc,num,a,a,21,17,24
CHL,2021,hiv,inc,num,a,a,273,96,542
CHL,2021,diabetes,inc,num,a,18+,140,56,262
CHL,2021,diabetes,inc,num,f,18+,53,20,100
CHL,2021,diabetes,inc,num,m,18+,85,32,164
CHL,2021,alcohol,inc,num,a,15+,343,137,640
CHL,2021,alcohol,inc,num,f,15+,44,18,80
CHL,2021,alcohol,inc,num,m,15+,338,161,581
CHL,2021,smoking,inc,num,a,15+,357,110,745
CHL,2021,smoking,inc,num,f,15+,122,44,240
CHL,2021,smoking,inc,num,m,15+,240,87,468
CHL,2021,undernutrition,inc,num,a,a,208,177,242
CHN,2021,hiv,inc,num,a,a,12582,3565,27181
CHN,2021,diabetes,inc,num,a,18+,31110,12508,58040
CHN,2021,diabetes,inc,num,f,18+,8551,3253,16363
CHN,2021,diabetes,inc,num,m,18+,23528,9127,44629
CHN,2021,alcohol,inc,num,a,15+,68254,26689,128994
CHN,2021,alcohol,inc,num,f,15+,1087,442,2019
CHN,2021,alcohol,inc,num,m,15+,80868,37530,140558
CHN,2021,smoking,inc,num,a,15+,83753,25636,175650
CHN,2021,smoking,inc,num,f,15+,1855,591,3829
CHN,2021,smoking,inc,num,m,15+,98038,38567,184767
CHN,2021,undernutrition,inc,num,a,a,40658,34416,47413
CIV,2021,hiv,inc,num,a,a,6990,2334,14153
CIV,2021,diabetes,inc,num,a,18+,1167,166,3124
CIV,2021,diabetes,inc,num,f,18+,410,69,1048
CIV,2021,diabetes,inc,num,m,18+,757,129,1927
CIV,2021,alcohol,inc,num,a,15+,6527,1235,16135
CIV,2021,alcohol,inc,num,f,15+,1165,278,2676
CIV,2021,alcohol,inc,num,m,15+,5638,1620,12115
CIV,2021,smoking,inc,num,a,15+,1503,128,4526
CIV,2021,smoking,inc,num,f,15+,38,6,99
CIV,2021,smoking,inc,num,m,15+,1702,302,4287
CIV,2021,undernutrition,inc,num,a,a,8452,5254,12397
CMR,2021,hiv,inc,num,a,a,10930,3890,21545
CMR,2021,diabetes,inc,num,a,18+,1449,207,3875
CMR,2021,diabetes,inc,num,f,18+,583,101,1479
CMR,2021,diabetes,inc,num,m,18+,853,140,2196
CMR,2021,alcohol,inc,num,a,15+,6208,1065,15791
CMR,2021,alcohol,inc,num,f,15+,889,203,2071
CMR,2021,alcohol,inc,num,m,15+,5764,1545,12711
CMR,2021,smoking,inc,num,a,15+,1237,99,3777
CMR,2021,smoking,inc,num,f,15+,29,4,78
CMR,2021,smoking,inc,num,m,15+,1415,233,3641
CMR,2021,undernutrition,inc,num,a,a,4533,2823,6642
COD,2021,hiv,inc,num,a,a,28659,8494,60860
COD,2021,diabetes,inc,num,a,18+,8755,651,27108
COD,2021,diabetes,inc,num,f,18+,3690,380,10670
COD,2021,diabetes,inc,num,m,18+,4971,450,14783
COD,2021,alcohol,inc,num,a,15+,30196,3991,82334
COD,2021,alcohol,inc,num,f,15+,2849,561,6960
COD,2021,alcohol,inc,num,m,15+,28652,6604,66571
COD,2021,smoking,inc,num,a,15+,13562,857,43303
COD,2021,smoking,inc,num,f,15+,285,38,774
COD,2021,smoking,inc,num,m,15+,14273,2148,37640
COD,2021,undernutrition,inc,num,a,a,141300,91225,202156
COG,2021,hiv,inc,num,a,a,6083,2080,12196
COG,2021,diabetes,inc,num,a,18+,777,83,2227
COG,2021,diabetes,inc,num,f,18+,311,40,855
COG,2021,diabetes,inc,num,m,18+,458,55,1280
COG,2021,alcohol,inc,num,a,15+,977,142,2600
COG,2021,alcohol,inc,num,f,15+,98,21,233
COG,2021,alcohol,inc,num,m,15+,1005,233,2330
COG,2021,smoking,inc,num,a,15+,1668,157,4918
COG,2021,smoking,inc,num,f,15+,29,4,76
COG,2021,smoking,inc,num,m,15+,1777,340,4377
COG,2021,undernutrition,inc,num,a,a,9576,5970,14020
COK,2021,hiv,inc,num,a,a,,,
COK,2021,diabetes,inc,num,a,18+,0,,
COK,2021,diabetes,inc,num,f,18+,0,,
COK,2021,diabetes,inc,num,m,18+,0,,
COK,2021,alcohol,inc,num,a,15+,0,,
COK,2021,alcohol,inc,num,f,15+,0,,
COK,2021,alcohol,inc,num,m,15+,0,,
COK,2021,smoking,inc,num,a,15+,0,,
COK,2021,smoking,inc,num,f,15+,0,,
COK,2021,smoking,inc,num,m,15+,0,,
COK,2021,undernutrition,inc,num,a,a,,,
COL,2021,hiv,inc,num,a,a,1258,389,2627
COL,2021,diabetes,inc,num,a,18+,752,253,1516
COL,2021,diabetes,inc,num,f,18+,282,92,575
COL,2021,diabetes,inc,num,m,18+,462,144,961
COL,2021,alcohol,inc,num,a,15+,2562,932,5000
COL,2021,alcohol,inc,num,f,15+,548,211,1043
COL,2021,alcohol,inc,num,m,15+,2235,941,4080
COL,2021,smoking,inc,num,a,15+,744,176,1713
COL,2021,smoking,inc,num,f,15+,147,42,317
COL,2021,smoking,inc,num,m,15+,670,197,1427
COL,2021,undernutrition,inc,num,a,a,3383,2640,4216
COM,2021,hiv,inc,num,a,a,0,0,2
COM,2021,diabetes,inc,num,a,18+,10,1,25
COM,2021,diabetes,inc,num,f,18+,3,0,8
COM,2021,diabetes,inc,num,m,18+,6,1,15
COM,2021,alcohol,inc,num,a,15+,4,0,11
COM,2021,alcohol,inc,num,f,15+,0,0,0
COM,2021,alcohol,inc,num,m,15+,5,1,12
COM,2021,smoking,inc,num,a,15+,14,1,43
COM,2021,smoking,inc,num,f,15+,0,0,2
COM,2021,smoking,inc,num,m,15+,16,3,41
COM,2021,undernutrition,inc,num,a,a,,,
CPV,2021,hiv,inc,num,a,a,15,4,33
CPV,2021,diabetes,inc,num,a,18+,9,2,19
CPV,2021,diabetes,inc,num,f,18+,2,0,5
CPV,2021,diabetes,inc,num,m,18+,6,1,13
CPV,2021,alcohol,inc,num,a,15+,28,9,58
CPV,2021,alcohol,inc,num,f,15+,3,1,6
CPV,2021,alcohol,inc,num,m,15+,29,12,54
CPV,2021,smoking,inc,num,a,15+,8,1,20
CPV,2021,smoking,inc,num,f,15+,0,0,2
CPV,2021,smoking,inc,num,m,15+,9,2,19
CPV,2021,undernutrition,inc,num,a,a,51,37,67
CRI,2021,hiv,inc,num,a,a,31,9,65
CRI,2021,diabetes,inc,num,a,18+,21,7,43
CRI,2021,diabetes,inc,num,f,18+,6,2,13
CRI,2021,diabetes,inc,num,m,18+,14,4,29
CRI,2021,alcohol,inc,num,a,15+,69,25,135
CRI,2021,alcohol,inc,num,f,15+,11,4,21
CRI,2021,alcohol,inc,num,m,15+,65,27,119
CRI,2021,smoking,inc,num,a,15+,20,4,46
CRI,2021,smoking,inc,num,f,15+,3,0,6
CRI,2021,smoking,inc,num,m,15+,19,5,41
CRI,2021,undernutrition,inc,num,a,a,34,25,44
CUB,2021,hiv,inc,num,a,a,44,14,90
CUB,2021,diabetes,inc,num,a,18+,27,10,53
CUB,2021,diabetes,inc,num,f,18+,7,2,14
CUB,2021,diabetes,inc,num,m,18+,18,6,36
CUB,2021,alcohol,inc,num,a,15+,91,38,166
CUB,2021,alcohol,inc,num,f,15+,11,5,21
CUB,2021,alcohol,inc,num,m,15+,92,44,158
CUB,2021,smoking,inc,num,a,15+,52,16,111
CUB,2021,smoking,inc,num,f,15+,6,2,13
CUB,2021,smoking,inc,num,m,15+,55,19,108
CUB,2021,undernutrition,inc,num,a,a,40,33,47
CYP,2021,hiv,inc,num,a,a,1,0,2
CYP,2021,diabetes,inc,num,a,18+,2,0,4
CYP,2021,diabetes,inc,num,f,18+,0,0,1
CYP,2021,diabetes,inc,num,m,18+,1,0,2
CYP,2021,alcohol,inc,num,a,15+,9,4,17
CYP,2021,alcohol,inc,num,f,15+,2,0,3
CYP,2021,alcohol,inc,num,m,15+,7,3,12
CYP,2021,smoking,inc,num,a,15+,11,3,22
CYP,2021,smoking,inc,num,f,15+,3,1,6
CYP,2021,smoking,inc,num,m,15+,7,2,13
CYP,2021,undernutrition,inc,num,a,a,2,2,3
CZE,2021,hiv,inc,num,a,a,3,1,6
CZE,2021,diabetes,inc,num,a,18+,17,6,33
CZE,2021,diabetes,inc,num,f,18+,3,1,7
CZE,2021,diabetes,inc,num,m,18+,13,4,27
CZE,2021,alcohol,inc,num,a,15+,59,24,109
CZE,2021,alcohol,inc,num,f,15+,4,1,8
CZE,2021,alcohol,inc,num,m,15+,67,32,114
CZE,2021,smoking,inc,num,a,15+,70,23,142
CZE,2021,smoking,inc,num,f,15+,15,5,30
CZE,2021,smoking,inc,num,m,15+,54,20,104
CZE,2021,undernutrition,inc,num,a,a,21,17,24
DEU,2021,hiv,inc,num,a,a,108,35,221
DEU,2021,diabetes,inc,num,a,18+,126,51,236
DEU,2021,diabetes,inc,num,f,18+,35,12,69
DEU,2021,diabetes,inc,num,m,18+,91,34,178
DEU,2021,alcohol,inc,num,a,15+,704,305,1266
DEU,2021,alcohol,inc,num,f,15+,157,69,279
DEU,2021,alcohol,inc,num,m,15+,579,276,991
DEU,2021,smoking,inc,num,a,15+,514,166,1052
DEU,2021,smoking,inc,num,f,15+,167,60,330
DEU,2021,smoking,inc,num,m,15+,336,120,659
DEU,2021,undernutrition,inc,num,a,a,217,194,241
DJI,2021,hiv,inc,num,a,a,208,62,440
DJI,2021,diabetes,inc,num,a,18+,89,22,201
DJI,2021,diabetes,inc,num,f,18+,37,9,84
DJI,2021,diabetes,inc,num,m,18+,51,13,116
DJI,2021,alcohol,inc,num,a,15+,42,10,94
DJI,2021,alcohol,inc,num,f,15+,4,1,9
DJI,2021,alcohol,inc,num,m,15+,39,13,80
DJI,2021,smoking,inc,num,a,15+,,,
DJI,2021,smoking,inc,num,f,15+,,,
DJI,2021,smoking,inc,num,m,15+,,,
DJI,2021,undernutrition,inc,num,a,a,584,431,760
DMA,2021,hiv,inc,num,a,a,,,
DMA,2021,diabetes,inc,num,a,18+,1,0,3
DMA,2021,diabetes,inc,num,f,18+,0,0,1
DMA,2021,diabetes,inc,num,m,18+,0,0,1
DMA,2021,alcohol,inc,num,a,15+,4,1,9
DMA,2021,alcohol,inc,num,f,15+,1,0,1
DMA,2021,alcohol,inc,num,m,15+,3,1,6
DMA,2021,smoking,inc,num,a,15+,,,
DMA,2021,smoking,inc,num,f,15+,,,
DMA,2021,smoking,inc,num,m,15+,,,
DMA,2021,undernutrition,inc,num,a,a,1,1,1
DNK,2021,hiv,inc,num,a,a,5,1,11
DNK,2021,diabetes,inc,num,a,18+,5,2,10
DNK,2021,diabetes,inc,num,f,18+,1,0,3
DNK,2021,diabetes,inc,num,m,18+,3,1,7
DNK,2021,alcohol,inc,num,a,15+,38,16,70
DNK,2021,alcohol,inc,num,f,15+,9,3,16
DNK,2021,alcohol,inc,num,m,15+,28,13,49
DNK,2021,smoking,inc,num,a,15+,19,5,42
DNK,2021,smoking,inc,num,f,15+,7,2,15
DNK,2021,smoking,inc,num,m,15+,10,3,21
DNK,2021,undernutrition,inc,num,a,a,11,9,13
DOM,2021,hiv,inc,num,a,a,577,191,1172
DOM,2021,diabetes,inc,num,a,18+,212,62,452
DOM,2021,diabetes,inc,num,f,18+,86,25,182
DOM,2021,diabetes,inc,num,m,18+,115,31,253
DOM,2021,alcohol,inc,num,a,15+,599,196,1223
DOM,2021,alcohol,inc,num,f,15+,127,46,246
DOM,2021,alcohol,inc,num,m,15+,520,210,967
DOM,2021,smoking,inc,num,a,15+,192,39,464
DOM,2021,smoking,inc,num,f,15+,38,10,84
DOM,2021,smoking,inc,num,m,15+,173,48,375
DOM,2021,undernutrition,inc,num,a,a,756,566,972
DZA,2021,hiv,inc,num,a,a,216,64,460
DZA,2021,diabetes,inc,num,a,18+,1467,474,3011
DZA,2021,diabetes,inc,num,f,18+,559,192,1120
DZA,2021,diabetes,inc,num,m,18+,909,304,1837
DZA,2021,alcohol,inc,num,a,15+,461,120,1026
DZA,2021,alcohol,inc,num,f,15+,0,0,0
DZA,2021,alcohol,inc,num,m,15+,531,179,1070
DZA,2021,smoking,inc,num,a,15+,1976,390,4822
DZA,2021,smoking,inc,num,f,15+,27,6,61
DZA,2021,smoking,inc,num,m,15+,2231,664,4730
DZA,2021,undernutrition,inc,num,a,a,1227,906,1596
ECU,2021,hiv,inc,num,a,a,405,125,847
ECU,2021,diabetes,inc,num,a,18+,321,91,693
ECU,2021,diabetes,inc,num,f,18+,102,28,224
ECU,2021,diabetes,inc,num,m,18+,209,55,464
ECU,2021,alcohol,inc,num,a,15+,1118,373,2264
ECU,2021,alcohol,inc,num,f,15+,199,75,383
ECU,2021,alcohol,inc,num,m,15+,1057,437,1945
ECU,2021,smoking,inc,num,a,15+,452,97,1076
ECU,2021,smoking,inc,num,f,15+,50,14,110
ECU,2021,smoking,inc,num,m,15+,494,147,1048
ECU,2021,undernutrition,inc,num,a,a,1799,1333,2334
EGY,2021,hiv,inc,num,a,a,59,18,123
EGY,2021,diabetes,inc,num,a,18+,971,358,1884
EGY,2021,diabetes,inc,num,f,18+,429,183,777
EGY,2021,diabetes,inc,num,m,18+,504,201,942
EGY,2021,alcohol,inc,num,a,15+,374,103,816
EGY,2021,alcohol,inc,num,f,15+,22,8,43
EGY,2021,alcohol,inc,num,m,15+,389,151,737
EGY,2021,smoking,inc,num,a,15+,1256,267,2996
EGY,2021,smoking,inc,num,f,15+,8,2,17
EGY,2021,smoking,inc,num,m,15+,1286,455,2541
EGY,2021,undernutrition,inc,num,a,a,1179,1015,1355
ERI,2021,hiv,inc,num,a,a,162,30,401
ERI,2021,diabetes,inc,num,a,18+,76,5,236
ERI,2021,diabetes,inc,num,f,18+,29,2,87
ERI,2021,diabetes,inc,num,m,18+,47,3,145
ERI,2021,alcohol,inc,num,a,15+,138,11,421
ERI,2021,alcohol,inc,num,f,15+,11,1,30
ERI,2021,alcohol,inc,num,m,15+,143,17,397
ERI,2021,smoking,inc,num,a,15+,66,3,225
ERI,2021,smoking,inc,num,f,15+,0,0,2
ERI,2021,smoking,inc,num,m,15+,74,6,223
ERI,2021,undernutrition,inc,num,a,a,,,
ESP,2021,hiv,inc,num,a,a,277,94,557
ESP,2021,diabetes,inc,num,a,18+,144,58,267
ESP,2021,diabetes,inc,num,f,18+,45,17,87
ESP,2021,diabetes,inc,num,m,18+,103,39,199
ESP,2021,alcohol,inc,num,a,15+,142,55,269
ESP,2021,alcohol,inc,num,f,15+,18,7,34
ESP,2021,alcohol,inc,num,m,15+,150,65,271
ESP,2021,smoking,inc,num,a,15+,532,177,1079
ESP,2021,smoking,inc,num,f,15+,210,79,405
ESP,2021,smoking,inc,num,m,15+,317,118,614
ESP,2021,undernutrition,inc,num,a,a,201,171,234
EST,2021,hiv,inc,num,a,a,13,4,27
EST,2021,diabetes,inc,num,a,18+,4,1,9
EST,2021,diabetes,inc,num,f,18+,1,0,2
EST,2021,diabetes,inc,num,m,18+,3,1,7
EST,2021,alcohol,inc,num,a,15+,29,13,52
EST,2021,alcohol,inc,num,f,15+,2,1,4
EST,2021,alcohol,inc,num,m,15+,32,17,52
EST,2021,smoking,inc,num,a,15+,16,5,33
EST,2021,smoking,inc,num,f,15+,3,1,6
EST,2021,smoking,inc,num,m,15+,13,4,25
EST,2021,undernutrition,inc,num,a,a,6,5,7
ETH,2021,hiv,inc,num,a,a,12369,3825,25836
ETH,2021,diabetes,inc,num,a,18+,3938,635,10191
ETH,2021,diabetes,inc,num,f,18+,1642,313,4051
ETH,2021,diabetes,inc,num,m,18+,2314,422,5785
ETH,2021,alcohol,inc,num,a,15+,8223,1521,20466
ETH,2021,alcohol,inc,num,f,15+,777,204,1726
ETH,2021,alcohol,inc,num,m,15+,7756,2188,16784
ETH,2021,smoking,inc,num,a,15+,2847,295,8224
ETH,2021,smoking,inc,num,f,15+,344,66,849
ETH,2021,smoking,inc,num,m,15+,2670,519,6549
ETH,2021,undernutrition,inc,num,a,a,36699,24644,51118
FIN,2021,hiv,inc,num,a,a,3,0,6
FIN,2021,diabetes,inc,num,a,18+,5,2,9
FIN,2021,diabetes,inc,num,f,18+,1,0,3
FIN,2021,diabetes,inc,num,m,18+,2,1,5
FIN,2021,alcohol,inc,num,a,15+,33,14,59
FIN,2021,alcohol,inc,num,f,15+,6,2,11
FIN,2021,alcohol,inc,num,m,15+,22,11,38
FIN,2021,smoking,inc,num,a,15+,16,4,33
FIN,2021,smoking,inc,num,f,15+,6,2,12
FIN,2021,smoking,inc,num,m,15+,8,2,16
FIN,2021,undernutrition,inc,num,a,a,10,8,11
FJI,2021,hiv,inc,num,a,a,17,3,42
FJI,2021,diabetes,inc,num,a,18+,35,10,75
FJI,2021,diabetes,inc,num,f,18+,15,4,32
FJI,2021,diabetes,inc,num,m,18+,19,5,41
FJI,2021,alcohol,inc,num,a,15+,49,14,106
FJI,2021,alcohol,inc,num,f,15+,7,2,15
FJI,2021,alcohol,inc,num,m,15+,44,15,88
FJI,2021,smoking,inc,num,a,15+,47,9,115
FJI,2021,smoking,inc,num,f,15+,9,2,21
FJI,2021,smoking,inc,num,m,15+,40,11,88
FJI,2021,undernutrition,inc,num,a,a,66,51,84
FRA,2021,hiv,inc,num,a,a,324,110,650
FRA,2021,diabetes,inc,num,a,18+,141,53,270
FRA,2021,diabetes,inc,num,f,18+,37,12,74
FRA,2021,diabetes,inc,num,m,18+,109,40,212
FRA,2021,alcohol,inc,num,a,15+,683,284,1255
FRA,2021,alcohol,inc,num,f,15+,116,50,209
FRA,2021,alcohol,inc,num,m,15+,614,296,1047
FRA,2021,smoking,inc,num,a,15+,772,254,1572
FRA,2021,smoking,inc,num,f,15+,266,101,509
FRA,2021,smoking,inc,num,m,15+,485,183,932
FRA,2021,undernutrition,inc,num,a,a,257,224,292
FSM,2021,hiv,inc,num,a,a,,,
FSM,2021,diabetes,inc,num,a,18+,7,2,14
FSM,2021,diabetes,inc,num,f,18+,2,0,5
FSM,2021,diabetes,inc,num,m,18+,4,1,8
FSM,2021,alcohol,inc,num,a,15+,8,2,17
FSM,2021,alcohol,inc,num,f,15+,1,0,2
FSM,2021,alcohol,inc,num,m,15+,7,2,15
FSM,2021,smoking,inc,num,a,15+,,,
FSM,2021,smoking,inc,num,f,15+,,,
FSM,2021,smoking,inc,num,m,15+,,,
FSM,2021,undernutrition,inc,num,a,a,,,
GAB,2021,hiv,inc,num,a,a,3141,1130,6161
GAB,2021,diabetes,inc,num,a,18+,567,88,1481
GAB,2021,diabetes,inc,num,f,18+,216,34,562
GAB,2021,diabetes,inc,num,m,18+,349,55,908
GAB,2021,alcohol,inc,num,a,15+,1638,353,3888
GAB,2021,alcohol,inc,num,f,15+,212,53,480
GAB,2021,alcohol,inc,num,m,15+,1536,457,3257
GAB,2021,smoking,inc,num,a,15+,,,
GAB,2021,smoking,inc,num,f,15+,,,
GAB,2021,smoking,inc,num,m,15+,,,
GAB,2021,undernutrition,inc,num,a,a,3017,1914,4366
GBR,2021,hiv,inc,num,a,a,157,51,321
GBR,2021,diabetes,inc,num,a,18+,133,56,243
GBR,2021,diabetes,inc,num,f,18+,46,19,85
GBR,2021,diabetes,inc,num,m,18+,85,35,157
GBR,2021,alcohol,inc,num,a,15+,787,336,1428
GBR,2021,alcohol,inc,num,f,15+,189,83,337
GBR,2021,alcohol,inc,num,m,15+,615,302,1037
GBR,2021,smoking,inc,num,a,15+,310,89,665
GBR,2021,smoking,inc,num,f,15+,109,36,220
GBR,2021,smoking,inc,num,m,15+,198,67,398
GBR,2021,undernutrition,inc,num,a,a,221,198,246
GEO,2021,hiv,inc,num,a,a,96,30,197
GEO,2021,diabetes,inc,num,a,18+,151,59,286
GEO,2021,diabetes,inc,num,f,18+,50,19,96
GEO,2021,diabetes,inc,num,m,18+,102,38,196
GEO,2021,alcohol,inc,num,a,15+,246,92,476
GEO,2021,alcohol,inc,num,f,15+,20,8,38
GEO,2021,alcohol,inc,num,m,15+,276,123,489
GEO,2021,smoking,inc,num,a,15+,383,116,806
GEO,2021,smoking,inc,num,f,15+,37,11,76
GEO,2021,smoking,inc,num,m,15+,383,150,722
GEO,2021,undernutrition,inc,num,a,a,387,314,468
GHA,2021,hiv,inc,num,a,a,7235,1815,16331
GHA,2021,diabetes,inc,num,a,18+,1404,149,4032
GHA,2021,diabetes,inc,num,f,18+,611,67,1740
GHA,2021,diabetes,inc,num,m,18+,781,79,2268
GHA,2021,alcohol,inc,num,a,15+,3867,448,10887
GHA,2021,alcohol,inc,num,f,15+,436,59,1179
GHA,2021,alcohol,inc,num,m,15+,3630,548,9564
GHA,2021,smoking,inc,num,a,15+,528,32,1693
GHA,2021,smoking,inc,num,f,15+,21,2,64
GHA,2021,smoking,inc,num,m,15+,548,53,1607
GHA,2021,undernutrition,inc,num,a,a,5192,2400,9042
GIN,2021,hiv,inc,num,a,a,3402,1076,7043
GIN,2021,diabetes,inc,num,a,18+,727,108,1921
GIN,2021,diabetes,inc,num,f,18+,273,49,686
GIN,2021,diabetes,inc,num,m,18+,471,78,1209
GIN,2021,alcohol,inc,num,a,15+,377,52,1014
GIN,2021,alcohol,inc,num,f,15+,0,0,0
GIN,2021,alcohol,inc,num,m,15+,453,99,1071
GIN,2021,smoking,inc,num,a,15+,,,
GIN,2021,smoking,inc,num,f,15+,,,
GIN,2021,smoking,inc,num,m,15+,,,
GIN,2021,undernutrition,inc,num,a,a,,,
GMB,2021,hiv,inc,num,a,a,599,202,1210
GMB,2021,diabetes,inc,num,a,18+,164,27,419
GMB,2021,diabetes,inc,num,f,18+,42,9,98
GMB,2021,diabetes,inc,num,m,18+,126,27,297
GMB,2021,alcohol,inc,num,a,15+,89,14,232
GMB,2021,alcohol,inc,num,f,15+,2,0,5
GMB,2021,alcohol,inc,num,m,15+,119,34,256
GMB,2021,smoking,inc,num,a,15+,189,18,554
GMB,2021,smoking,inc,num,f,15+,1,0,4
GMB,2021,smoking,inc,num,m,15+,252,56,589
GMB,2021,undernutrition,inc,num,a,a,885,643,1165
GNB,2021,hiv,inc,num,a,a,1897,697,3685
GNB,2021,diabetes,inc,num,a,18+,252,39,660
GNB,2021,diabetes,inc,num,f,18+,93,16,233
GNB,2021,diabetes,inc,num,m,18+,162,29,406
GNB,2021,alcohol,inc,num,a,15+,168,25,444
GNB,2021,alcohol,inc,num,f,15+,6,1,15
GNB,2021,alcohol,inc,num,m,15+,202,47,468
GNB,2021,smoking,inc,num,a,15+,286,26,848
GNB,2021,smoking,inc,num,f,15+,11,1,28
GNB,2021,smoking,inc,num,m,15+,320,57,804
GNB,2021,undernutrition,inc,num,a,a,,,
GNQ,2021,hiv,inc,num,a,a,1838,806,3288
GNQ,2021,diabetes,inc,num,a,18+,189,27,503
GNQ,2021,diabetes,inc,num,f,18+,80,12,210
GNQ,2021,diabetes,inc,num,m,18+,107,17,275
GNQ,2021,alcohol,inc,num,a,15+,572,113,1395
GNQ,2021,alcohol,inc,num,f,15+,81,19,187
GNQ,2021,alcohol,inc,num,m,15+,485,141,1038
GNQ,2021,smoking,inc,num,a,15+,,,
GNQ,2021,smoking,inc,num,f,15+,,,
GNQ,2021,smoking,inc,num,m,15+,,,
GNQ,2021,undernutrition,inc,num,a,a,,,
GRC,2021,hiv,inc,num,a,a,15,5,31
GRC,2021,diabetes,inc,num,a,18+,14,5,27
GRC,2021,diabetes,inc,num,f,18+,3,1,6
GRC,2021,diabetes,inc,num,m,18+,10,3,20
GRC,2021,alcohol,inc,num,a,15+,56,23,101
GRC,2021,alcohol,inc,num,f,15+,6,3,12
GRC,2021,alcohol,inc,num,m,15+,54,25,92
GRC,2021,smoking,inc,num,a,15+,64,22,130
GRC,2021,smoking,inc,num,f,15+,14,5,28
GRC,2021,smoking,inc,num,m,15+,45,17,87
GRC,2021,undernutrition,inc,num,a,a,22,19,26
GRD,2021,hiv,inc,num,a,a,,,
GRD,2021,diabetes,inc,num,a,18+,0,0,0
GRD,2021,diabetes,inc,num,f,18+,0,0,0
GRD,2021,diabetes,inc,num,m,18+,0,,
GRD,2021,alcohol,inc,num,a,15+,0,0,0
GRD,2021,alcohol,inc,num,f,15+,0,0,0
GRD,2021,alcohol,inc,num,m,15+,0,,
GRD,2021,smoking,inc,num,a,15+,,,
GRD,2021,smoking,inc,num,f,15+,,,
GRD,2021,smoking,inc,num,m,15+,,,
GRD,2021,undernutrition,inc,num,a,a,,,
GTM,2021,hiv,inc,num,a,a,153,46,323
GTM,2021,diabetes,inc,num,a,18+,214,55,478
GTM,2021,diabetes,inc,num,f,18+,92,26,199
GTM,2021,diabetes,inc,num,m,18+,117,30,260
GTM,2021,alcohol,inc,num,a,15+,596,170,1286
GTM,2021,alcohol,inc,num,f,15+,148,52,294
GTM,2021,alcohol,inc,num,m,15+,493,188,942
GTM,2021,smoking,inc,num,a,15+,251,42,640
GTM,2021,smoking,inc,num,f,15+,13,3,31
GTM,2021,smoking,inc,num,m,15+,265,72,580
GTM,2021,undernutrition,inc,num,a,a,1268,947,1637
GUY,2021,hiv,inc,num,a,a,121,44,236
GUY,2021,diabetes,inc,num,a,18+,30,8,66
GUY,2021,diabetes,inc,num,f,18+,8,2,18
GUY,2021,diabetes,inc,num,m,18+,18,4,41
GUY,2021,alcohol,inc,num,a,15+,84,27,174
GUY,2021,alcohol,inc,num,f,15+,12,4,23
GUY,2021,alcohol,inc,num,m,15+,83,34,154
GUY,2021,smoking,inc,num,a,15+,30,6,74
GUY,2021,smoking,inc,num,f,15+,1,0,3
GUY,2021,smoking,inc,num,m,15+,38,11,81
GUY,2021,undernutrition,inc,num,a,a,68,51,87
HKG,2021,hiv,inc,num,a,a,,,
HKG,2021,diabetes,inc,num,a,18+,,,
HKG,2021,alcohol,inc,num,a,15+,,,
HKG,2021,smoking,inc,num,a,15+,,,
HKG,2021,undernutrition,inc,num,a,a,222,189,258
HND,2021,hiv,inc,num,a,a,130,39,274
HND,2021,diabetes,inc,num,a,18+,131,36,285
HND,2021,diabetes,inc,num,f,18+,51,15,109
HND,2021,diabetes,inc,num,m,18+,75,20,163
HND,2021,alcohol,inc,num,a,15+,394,119,830
HND,2021,alcohol,inc,num,f,15+,85,30,167
HND,2021,alcohol,inc,num,m,15+,336,132,634
HND,2021,smoking,inc,num,a,15+,,,
HND,2021,smoking,inc,num,f,15+,,,
HND,2021,smoking,inc,num,m,15+,,,
HND,2021,undernutrition,inc,num,a,a,755,555,986
HRV,2021,hiv,inc,num,a,a,1,0,3
HRV,2021,diabetes,inc,num,a,18+,9,3,18
HRV,2021,diabetes,inc,num,f,18+,3,1,6
HRV,2021,diabetes,inc,num,m,18+,6,2,12
HRV,2021,alcohol,inc,num,a,15+,31,13,57
HRV,2021,alcohol,inc,num,f,15+,5,2,9
HRV,2021,alcohol,inc,num,m,15+,27,13,47
HRV,2021,smoking,inc,num,a,15+,46,16,92
HRV,2021,smoking,inc,num,f,15+,18,7,34
HRV,2021,smoking,inc,num,m,15+,25,9,49
HRV,2021,undernutrition,inc,num,a,a,8,7,9
HTI,2021,hiv,inc,num,a,a,3537,1315,6839
HTI,2021,diabetes,inc,num,a,18+,768,183,1766
HTI,2021,diabetes,inc,num,f,18+,347,86,785
HTI,2021,diabetes,inc,num,m,18+,418,101,957
HTI,2021,alcohol,inc,num,a,15+,2532,746,5388
HTI,2021,alcohol,inc,num,f,15+,669,235,1324
HTI,2021,alcohol,inc,num,m,15+,1944,754,3688
HTI,2021,smoking,inc,num,a,15+,696,118,1775
HTI,2021,smoking,inc,num,f,15+,120,30,273
HTI,2021,smoking,inc,num,m,15+,602,157,1340
HTI,2021,undernutrition,inc,num,a,a,9116,6833,11723
HUN,2021,hiv,inc,num,a,a,4,1,8
HUN,2021,diabetes,inc,num,a,18+,16,6,30
HUN,2021,diabetes,inc,num,f,18+,5,1,10
HUN,2021,diabetes,inc,num,m,18+,10,3,19
HUN,2021,alcohol,inc,num,a,15+,141,73,231
HUN,2021,alcohol,inc,num,f,15+,23,11,41
HUN,2021,alcohol,inc,num,m,15+,106,62,161
HUN,2021,smoking,inc,num,a,15+,63,21,128
HUN,2021,smoking,inc,num,f,15+,22,8,42
HUN,2021,smoking,inc,num,m,15+,37,14,72
HUN,2021,undernutrition,inc,num,a,a,18,15,21
IDN,2021,hiv,inc,num,a,a,35435,11755,71945
IDN,2021,diabetes,inc,num,a,18+,27518,9776,54279
IDN,2021,diabetes,inc,num,f,18+,11877,4445,22895
IDN,2021,diabetes,inc,num,m,18+,15427,5413,30591
IDN,2021,alcohol,inc,num,a,15+,13603,4393,27925
IDN,2021,alcohol,inc,num,f,15+,2152,863,4018
IDN,2021,alcohol,inc,num,m,15+,13679,5587,25329
IDN,2021,smoking,inc,num,a,15+,115269,32983,248096
IDN,2021,smoking,inc,num,f,15+,3663,1136,7641
IDN,2021,smoking,inc,num,m,15+,112159,47088,204980
IDN,2021,undernutrition,inc,num,a,a,120335,107455,133933
IND,2021,hiv,inc,num,a,a,93370,29350,193767
IND,2021,diabetes,inc,num,a,18+,105474,31424,223544
IND,2021,diabetes,inc,num,f,18+,38585,11344,82194
IND,2021,diabetes,inc,num,m,18+,67514,19531,144711
IND,2021,alcohol,inc,num,a,15+,257556,74083,553254
IND,2021,alcohol,inc,num,f,15+,11188,3377,23594
IND,2021,alcohol,inc,num,m,15+,268402,93011,535083
IND,2021,smoking,inc,num,a,15+,83523,15605,207280
IND,2021,smoking,inc,num,f,15+,4960,1150,11503
IND,2021,smoking,inc,num,m,15+,91137,22422,207132
IND,2021,undernutrition,inc,num,a,a,738013,624015,861433
IRL,2021,hiv,inc,num,a,a,9,3,19
IRL,2021,diabetes,inc,num,a,18+,7,2,14
IRL,2021,diabetes,inc,num,f,18+,2,0,4
IRL,2021,diabetes,inc,num,m,18+,5,2,10
IRL,2021,alcohol,inc,num,a,15+,42,17,78
IRL,2021,alcohol,inc,num,f,15+,8,3,15
IRL,2021,alcohol,inc,num,m,15+,35,17,59
IRL,2021,smoking,inc,num,a,15+,24,6,51
IRL,2021,smoking,inc,num,f,15+,8,2,16
IRL,2021,smoking,inc,num,m,15+,15,5,31
IRL,2021,undernutrition,inc,num,a,a,12,10,14
IRN,2021,hiv,inc,num,a,a,118,13,331
IRN,2021,diabetes,inc,num,a,18+,619,232,1190
IRN,2021,diabetes,inc,num,f,18+,288,109,552
IRN,2021,diabetes,inc,num,m,18+,322,116,632
IRN,2021,alcohol,inc,num,a,15+,247,75,519
IRN,2021,alcohol,inc,num,f,15+,11,3,22
IRN,2021,alcohol,inc,num,m,15+,240,86,474
IRN,2021,smoking,inc,num,a,15+,505,114,1179
IRN,2021,smoking,inc,num,f,15+,24,6,53
IRN,2021,smoking,inc,num,m,15+,501,147,1068
IRN,2021,undernutrition,inc,num,a,a,1115,830,1441
IRQ,2021,hiv,inc,num,a,a,13,4,28
IRQ,2021,diabetes,inc,num,a,18+,874,279,1803
IRQ,2021,diabetes,inc,num,f,18+,398,158,748
IRQ,2021,diabetes,inc,num,m,18+,466,178,890
IRQ,2021,alcohol,inc,num,a,15+,101,23,236
IRQ,2021,alcohol,inc,num,f,15+,11,4,22
IRQ,2021,alcohol,inc,num,m,15+,95,33,188
IRQ,2021,smoking,inc,num,a,15+,1013,171,2586
IRQ,2021,smoking,inc,num,f,15+,36,9,81
IRQ,2021,smoking,inc,num,m,15+,961,309,1978
IRQ,2021,undernutrition,inc,num,a,a,4667,3976,5412
ISL,2021,hiv,inc,num,a,a,0,0,0
ISL,2021,diabetes,inc,num,a,18+,0,0,0
ISL,2021,diabetes,inc,num,f,18+,0,0,0
ISL,2021,diabetes,inc,num,m,18+,0,0,0
ISL,2021,alcohol,inc,num,a,15+,0,0,1
ISL,2021,alcohol,inc,num,f,15+,0,0,0
ISL,2021,alcohol,inc,num,m,15+,0,0,1
ISL,2021,smoking,inc,num,a,15+,0,0,1
ISL,2021,smoking,inc,num,f,15+,0,0,0
ISL,2021,smoking,inc,num,m,15+,0,0,0
ISL,2021,undernutrition,inc,num,a,a,0,0,0
ISR,2021,hiv,inc,num,a,a,5,1,12
ISR,2021,diabetes,inc,num,a,18+,5,1,11
ISR,2021,diabetes,inc,num,f,18+,1,0,3
ISR,2021,diabetes,inc,num,m,18+,3,0,6
ISR,2021,alcohol,inc,num,a,15+,21,7,42
ISR,2021,alcohol,inc,num,f,15+,3,1,5
ISR,2021,alcohol,inc,num,m,15+,16,7,30
ISR,2021,smoking,inc,num,a,15+,17,4,39
ISR,2021,smoking,inc,num,f,15+,4,1,8
ISR,2021,smoking,inc,num,m,15+,12,3,24
ISR,2021,undernutrition,inc,num,a,a,12,10,14
ITA,2021,hiv,inc,num,a,a,157,52,318
ITA,2021,diabetes,inc,num,a,18+,110,45,203
ITA,2021,diabetes,inc,num,f,18+,51,19,99
ITA,2021,diabetes,inc,num,m,18+,51,19,97
ITA,2021,alcohol,inc,num,a,15+,115,45,217
ITA,2021,alcohol,inc,num,f,15+,52,22,94
ITA,2021,alcohol,inc,num,m,15+,57,24,103
ITA,2021,smoking,inc,num,a,15+,438,147,887
ITA,2021,smoking,inc,num,f,15+,227,82,442
ITA,2021,smoking,inc,num,m,15+,185,68,359
ITA,2021,undernutrition,inc,num,a,a,152,129,177
JAM,2021,hiv,inc,num,a,a,15,5,30
JAM,2021,diabetes,inc,num,a,18+,3,1,6
JAM,2021,diabetes,inc,num,f,18+,1,0,2
JAM,2021,diabetes,inc,num,m,18+,1,0,3
JAM,2021,alcohol,inc,num,a,15+,6,2,12
JAM,2021,alcohol,inc,num,f,15+,0,0,1
JAM,2021,alcohol,inc,num,m,15+,5,1,10
JAM,2021,smoking,inc,num,a,15+,2,0,6
JAM,2021,smoking,inc,num,f,15+,0,0,0
JAM,2021,smoking,inc,num,m,15+,2,0,4
JAM,2021,undernutrition,inc,num,a,a,13,10,17
JOR,2021,hiv,inc,num,a,a,0,0,1
JOR,2021,diabetes,inc,num,a,18+,36,11,74
JOR,2021,diabetes,inc,num,f,18+,21,7,42
JOR,2021,diabetes,inc,num,m,18+,14,5,28
JOR,2021,alcohol,inc,num,a,15+,4,1,10
JOR,2021,alcohol,inc,num,f,15+,0,0,1
JOR,2021,alcohol,inc,num,m,15+,3,1,6
JOR,2021,smoking,inc,num,a,15+,78,16,186
JOR,2021,smoking,inc,num,f,15+,19,5,44
JOR,2021,smoking,inc,num,m,15+,45,15,93
JOR,2021,undernutrition,inc,num,a,a,78,57,103
JPN,2021,hiv,inc,num,a,a,100,31,209
JPN,2021,diabetes,inc,num,a,18+,494,222,873
JPN,2021,diabetes,inc,num,f,18+,152,62,281
JPN,2021,diabetes,inc,num,m,18+,341,146,618
JPN,2021,alcohol,inc,num,a,15+,1113,464,2042
JPN,2021,alcohol,inc,num,f,15+,197,84,357
JPN,2021,alcohol,inc,num,m,15+,987,449,1732
JPN,2021,smoking,inc,num,a,15+,1374,454,2793
JPN,2021,smoking,inc,num,f,15+,303,105,604
JPN,2021,smoking,inc,num,m,15+,1082,404,2086
JPN,2021,undernutrition,inc,num,a,a,694,589,806
KAZ,2021,hiv,inc,num,a,a,480,140,1025
KAZ,2021,diabetes,inc,num,a,18+,712,180,1602
KAZ,2021,diabetes,inc,num,f,18+,332,83,750
KAZ,2021,diabetes,inc,num,m,18+,381,90,876
KAZ,2021,alcohol,inc,num,a,15+,1557,405,3470
KAZ,2021,alcohol,inc,num,f,15+,301,83,656
KAZ,2021,alcohol,inc,num,m,15+,1251,378,2637
KAZ,2021,smoking,inc,num,a,15+,1249,224,3135
KAZ,2021,smoking,inc,num,f,15+,174,36,418
KAZ,2021,smoking,inc,num,m,15+,1023,239,2364
KAZ,2021,undernutrition,inc,num,a,a,735,508,1003
KEN,2021,hiv,inc,num,a,a,42864,16293,82059
KEN,2021,diabetes,inc,num,a,18+,3429,500,9117
KEN,2021,diabetes,inc,num,f,18+,1198,206,3043
KEN,2021,diabetes,inc,num,m,18+,2186,354,5653
KEN,2021,alcohol,inc,num,a,15+,9981,1550,26098
KEN,2021,alcohol,inc,num,f,15+,820,174,1957
KEN,2021,alcohol,inc,num,m,15+,10912,2574,25157
KEN,2021,smoking,inc,num,a,15+,4870,431,14551
KEN,2021,smoking,inc,num,f,15+,158,24,416
KEN,2021,smoking,inc,num,m,15+,5878,985,15051
KEN,2021,undernutrition,inc,num,a,a,45995,27948,68464
KGZ,2021,hiv,inc,num,a,a,241,77,497
KGZ,2021,diabetes,inc,num,a,18+,317,94,674
KGZ,2021,diabetes,inc,num,f,18+,142,47,289
KGZ,2021,diabetes,inc,num,m,18+,170,53,352
KGZ,2021,alcohol,inc,num,a,15+,771,232,1626
KGZ,2021,alcohol,inc,num,f,15+,130,48,251
KGZ,2021,alcohol,inc,num,m,15+,669,283,1219
KGZ,2021,smoking,inc,num,a,15+,825,173,1975
KGZ,2021,smoking,inc,num,f,15+,45,12,99
KGZ,2021,smoking,inc,num,m,15+,777,271,1546
KGZ,2021,undernutrition,inc,num,a,a,1145,941,1368
KHM,2021,hiv,inc,num,a,a,3719,1141,7794
KHM,2021,diabetes,inc,num,a,18+,1533,366,3520
KHM,2021,diabetes,inc,num,f,18+,602,142,1389
KHM,2021,diabetes,inc,num,m,18+,954,221,2212
KHM,2021,alcohol,inc,num,a,15+,4716,1191,10620
KHM,2021,alcohol,inc,num,f,15+,727,202,1582
KHM,2021,alcohol,inc,num,m,15+,4459,1366,9348
KHM,2021,smoking,inc,num,a,15+,3256,551,8313
KHM,2021,smoking,inc,num,f,15+,113,23,271
KHM,2021,smoking,inc,num,m,15+,3470,819,7999
KHM,2021,undernutrition,inc,num,a,a,5661,3858,7805
KIR,2021,hiv,inc,num,a,a,,,
KIR,2021,diabetes,inc,num,a,18+,42,11,91
KIR,2021,diabetes,inc,num,f,18+,20,6,42
KIR,2021,diabetes,inc,num,m,18+,21,6,45
KIR,2021,alcohol,inc,num,a,15+,45,10,103
KIR,2021,alcohol,inc,num,f,15+,8,2,17
KIR,2021,alcohol,inc,num,m,15+,36,12,74
KIR,2021,smoking,inc,num,a,15+,69,12,174
KIR,2021,smoking,inc,num,f,15+,23,5,52
KIR,2021,smoking,inc,num,m,15+,45,12,99
KIR,2021,undernutrition,inc,num,a,a,44,33,56
KNA,2021,hiv,inc,num,a,a,,,
KNA,2021,diabetes,inc,num,a,18+,0,0,0
KNA,2021,diabetes,inc,num,f,18+,0,,
KNA,2021,diabetes,inc,num,m,18+,0,0,0
KNA,2021,alcohol,inc,num,a,15+,0,0,0
KNA,2021,alcohol,inc,num,f,15+,0,,
KNA,2021,alcohol,inc,num,m,15+,0,0,0
KNA,2021,smoking,inc,num,a,15+,,,
KNA,2021,smoking,inc,num,f,15+,,,
KNA,2021,smoking,inc,num,m,15+,,,
KNA,2021,undernutrition,inc,num,a,a,,,
KOR,2021,hiv,inc,num,a,a,226,72,465
KOR,2021,diabetes,inc,num,a,18+,1052,464,1877
KOR,2021,diabetes,inc,num,f,18+,361,147,671
KOR,2021,diabetes,inc,num,m,18+,711,295,1307
KOR,2021,alcohol,inc,num,a,15+,6579,3222,11116
KOR,2021,alcohol,inc,num,f,15+,1511,707,2615
KOR,2021,alcohol,inc,num,m,15+,5188,2836,8237
KOR,2021,smoking,inc,num,a,15+,2568,850,5220
KOR,2021,smoking,inc,num,f,15+,344,117,693
KOR,2021,smoking,inc,num,m,15+,2369,914,4506
KOR,2021,undernutrition,inc,num,a,a,1195,1099,1295
KWT,2021,hiv,inc,num,a,a,4,1,9
KWT,2021,diabetes,inc,num,a,18+,71,31,126
KWT,2021,diabetes,inc,num,f,18+,26,11,46
KWT,2021,diabetes,inc,num,m,18+,44,20,77
KWT,2021,alcohol,inc,num,a,15+,7,2,14
KWT,2021,alcohol,inc,num,f,15+,0,0,1
KWT,2021,alcohol,inc,num,m,15+,6,2,12
KWT,2021,smoking,inc,num,a,15+,71,19,154
KWT,2021,smoking,inc,num,f,15+,3,0,6
KWT,2021,smoking,inc,num,m,15+,76,29,147
KWT,2021,undernutrition,inc,num,a,a,45,38,52
LAO,2021,hiv,inc,num,a,a,398,111,866
LAO,2021,diabetes,inc,num,a,18+,406,97,933
LAO,2021,diabetes,inc,num,f,18+,142,35,321
LAO,2021,diabetes,inc,num,m,18+,263,62,603
LAO,2021,alcohol,inc,num,a,15+,1177,284,2693
LAO,2021,alcohol,inc,num,f,15+,156,43,341
LAO,2021,alcohol,inc,num,m,15+,1183,363,2476
LAO,2021,smoking,inc,num,a,15+,1268,218,3222
LAO,2021,smoking,inc,num,f,15+,86,17,208
LAO,2021,smoking,inc,num,m,15+,1353,345,3037
LAO,2021,undernutrition,inc,num,a,a,1096,693,1589
LBN,2021,hiv,inc,num,a,a,5,1,11
LBN,2021,diabetes,inc,num,a,18+,40,14,78
LBN,2021,diabetes,inc,num,f,18+,23,9,43
LBN,2021,diabetes,inc,num,m,18+,15,6,29
LBN,2021,alcohol,inc,num,a,15+,107,39,209
LBN,2021,alcohol,inc,num,f,15+,14,5,27
LBN,2021,alcohol,inc,num,m,15+,61,29,104
LBN,2021,smoking,inc,num,a,15+,101,26,224
LBN,2021,smoking,inc,num,f,15+,48,16,97
LBN,2021,smoking,inc,num,m,15+,44,16,86
LBN,2021,undernutrition,inc,num,a,a,93,79,108
LBR,2021,hiv,inc,num,a,a,1747,519,3706
LBR,2021,diabetes,inc,num,a,18+,568,90,1475
LBR,2021,diabetes,inc,num,f,18+,226,44,552
LBR,2021,diabetes,inc,num,m,18+,341,65,839
LBR,2021,alcohol,inc,num,a,15+,1646,280,4196
LBR,2021,alcohol,inc,num,f,15+,182,42,420
LBR,2021,alcohol,inc,num,m,15+,1586,424,3499
LBR,2021,smoking,inc,num,a,15+,482,42,1444
LBR,2021,smoking,inc,num,f,15+,35,5,89
LBR,2021,smoking,inc,num,m,15+,506,88,1280
LBR,2021,undernutrition,inc,num,a,a,7231,4611,10432
LBY,2021,hiv,inc,num,a,a,90,24,199
LBY,2021,diabetes,inc,num,a,18+,279,76,611
LBY,2021,diabetes,inc,num,f,18+,114,32,248
LBY,2021,diabetes,inc,num,m,18+,160,42,355
LBY,2021,alcohol,inc,num,a,15+,26,5,63
LBY,2021,alcohol,inc,num,f,15+,3,0,7
LBY,2021,alcohol,inc,num,m,15+,26,6,59
LBY,2021,smoking,inc,num,a,15+,,,
LBY,2021,smoking,inc,num,f,15+,,,
LBY,2021,smoking,inc,num,m,15+,,,
LBY,2021,undernutrition,inc,num,a,a,,,
LCA,2021,hiv,inc,num,a,a,,,
LCA,2021,diabetes,inc,num,a,18+,0,0,0
LCA,2021,diabetes,inc,num,f,18+,0,0,0
LCA,2021,diabetes,inc,num,m,18+,0,0,0
LCA,2021,alcohol,inc,num,a,15+,0,0,0
LCA,2021,alcohol,inc,num,f,15+,0,0,0
LCA,2021,alcohol,inc,num,m,15+,0,0,0
LCA,2021,smoking,inc,num,a,15+,,,
LCA,2021,smoking,inc,num,f,15+,,,
LCA,2021,smoking,inc,num,m,15+,,,
LCA,2021,undernutrition,inc,num,a,a,,,
LKA,2021,hiv,inc,num,a,a,44,12,94
LKA,2021,diabetes,inc,num,a,18+,488,152,1014
LKA,2021,diabetes,inc,num,f,18+,158,48,331
LKA,2021,diabetes,inc,num,m,18+,317,91,681
LKA,2021,alcohol,inc,num,a,15+,918,289,1903
LKA,2021,alcohol,inc,num,f,15+,68,24,135
LKA,2021,alcohol,inc,num,m,15+,1126,428,2155
LKA,2021,smoking,inc,num,a,15+,849,194,1980
LKA,2021,smoking,inc,num,f,15+,2,0,5
LKA,2021,smoking,inc,num,m,15+,1086,330,2286
LKA,2021,undernutrition,inc,num,a,a,1773,1285,2338
LSO,2021,hiv,inc,num,a,a,6665,2945,11877
LSO,2021,diabetes,inc,num,a,18+,585,111,1442
LSO,2021,diabetes,inc,num,f,18+,201,43,477
LSO,2021,diabetes,inc,num,m,18+,337,63,837
LSO,2021,alcohol,inc,num,a,15+,1490,312,3571
LSO,2021,alcohol,inc,num,f,15+,125,31,283
LSO,2021,alcohol,inc,num,m,15+,1690,483,3639
LSO,2021,smoking,inc,num,a,15+,1373,193,3686
LSO,2021,smoking,inc,num,f,15+,7,1,18
LSO,2021,smoking,inc,num,m,15+,1700,389,3957
LSO,2021,undernutrition,inc,num,a,a,4714,2929,6917
LTU,2021,hiv,inc,num,a,a,21,6,44
LTU,2021,diabetes,inc,num,a,18+,30,11,59
LTU,2021,diabetes,inc,num,f,18+,6,2,13
LTU,2021,diabetes,inc,num,m,18+,26,8,53
LTU,2021,alcohol,inc,num,a,15+,161,73,283
LTU,2021,alcohol,inc,num,f,15+,14,6,25
LTU,2021,alcohol,inc,num,m,15+,191,102,306
LTU,2021,smoking,inc,num,a,15+,100,33,205
LTU,2021,smoking,inc,num,f,15+,16,5,32
LTU,2021,smoking,inc,num,m,15+,97,37,186
LTU,2021,undernutrition,inc,num,a,a,38,32,44
LUX,2021,hiv,inc,num,a,a,1,0,3
LUX,2021,diabetes,inc,num,a,18+,0,0,1
LUX,2021,diabetes,inc,num,f,18+,0,0,0
LUX,2021,diabetes,inc,num,m,18+,1,0,2
LUX,2021,alcohol,inc,num,a,15+,4,2,8
LUX,2021,alcohol,inc,num,f,15+,0,0,0
LUX,2021,alcohol,inc,num,m,15+,6,3,10
LUX,2021,smoking,inc,num,a,15+,3,1,7
LUX,2021,smoking,inc,num,f,15+,0,0,0
LUX,2021,smoking,inc,num,m,15+,3,1,6
LUX,2021,undernutrition,inc,num,a,a,2,1,2
LVA,2021,hiv,inc,num,a,a,26,8,54
LVA,2021,diabetes,inc,num,a,18+,14,5,29
LVA,2021,diabetes,inc,num,f,18+,4,1,8
LVA,2021,diabetes,inc,num,m,18+,11,3,23
LVA,2021,alcohol,inc,num,a,15+,111,53,190
LVA,2021,alcohol,inc,num,f,15+,12,5,21
LVA,2021,alcohol,inc,num,m,15+,118,67,183
LVA,2021,smoking,inc,num,a,15+,67,23,136
LVA,2021,smoking,inc,num,f,15+,14,5,27
LVA,2021,smoking,inc,num,m,15+,60,24,113
LVA,2021,undernutrition,inc,num,a,a,15,13,17
MAC,2021,hiv,inc,num,a,a,,,
MAC,2021,diabetes,inc,num,a,18+,,,
MAC,2021,alcohol,inc,num,a,15+,,,
MAC,2021,smoking,inc,num,a,15+,,,
MAC,2021,undernutrition,inc,num,a,a,33,28,38
MAR,2021,hiv,inc,num,a,a,406,127,844
MAR,2021,diabetes,inc,num,a,18+,2230,832,4305
MAR,2021,diabetes,inc,num,f,18+,853,335,1609
MAR,2021,diabetes,inc,num,m,18+,1391,541,2633
MAR,2021,alcohol,inc,num,a,15+,322,97,678
MAR,2021,alcohol,inc,num,f,15+,31,12,60
MAR,2021,alcohol,inc,num,m,15+,391,150,743
MAR,2021,smoking,inc,num,a,15+,2026,464,4719
MAR,2021,smoking,inc,num,f,15+,38,11,82
MAR,2021,smoking,inc,num,m,15+,2280,755,4634
MAR,2021,undernutrition,inc,num,a,a,2928,2454,3443
MDA,2021,hiv,inc,num,a,a,225,74,459
MDA,2021,diabetes,inc,num,a,18+,83,29,164
MDA,2021,diabetes,inc,num,f,18+,24,8,50
MDA,2021,diabetes,inc,num,m,18+,56,18,115
MDA,2021,alcohol,inc,num,a,15+,259,102,488
MDA,2021,alcohol,inc,num,f,15+,30,12,55
MDA,2021,alcohol,inc,num,m,15+,286,134,493
MDA,2021,smoking,inc,num,a,15+,275,83,578
MDA,2021,smoking,inc,num,f,15+,22,7,45
MDA,2021,smoking,inc,num,m,15+,304,119,576
MDA,2021,undernutrition,inc,num,a,a,,,
MDG,2021,hiv,inc,num,a,a,2540,679,5603
MDG,2021,diabetes,inc,num,a,18+,1765,273,4619
MDG,2021,diabetes,inc,num,f,18+,623,111,1565
MDG,2021,diabetes,inc,num,m,18+,1200,214,3016
MDG,2021,alcohol,inc,num,a,15+,3756,629,9617
MDG,2021,alcohol,inc,num,f,15+,306,71,711
MDG,2021,alcohol,inc,num,m,15+,3858,967,8713
MDG,2021,smoking,inc,num,a,15+,4927,533,14090
MDG,2021,smoking,inc,num,f,15+,121,20,309
MDG,2021,smoking,inc,num,m,15+,5293,1064,12844
MDG,2021,undernutrition,inc,num,a,a,32052,20439,46235
MDV,2021,hiv,inc,num,a,a,0,0,0
MDV,2021,diabetes,inc,num,a,18+,9,2,18
MDV,2021,diabetes,inc,num,f,18+,3,1,7
MDV,2021,diabetes,inc,num,m,18+,5,1,11
MDV,2021,alcohol,inc,num,a,15+,9,2,18
MDV,2021,alcohol,inc,num,f,15+,1,0,2
MDV,2021,alcohol,inc,num,m,15+,8,3,16
MDV,2021,smoking,inc,num,a,15+,19,5,43
MDV,2021,smoking,inc,num,f,15+,0,0,1
MDV,2021,smoking,inc,num,m,15+,20,7,39
MDV,2021,undernutrition,inc,num,a,a,,,
MEX,2021,hiv,inc,num,a,a,1636,512,3401
MEX,2021,diabetes,inc,num,a,18+,1570,527,3170
MEX,2021,diabetes,inc,num,f,18+,612,206,1233
MEX,2021,diabetes,inc,num,m,18+,932,297,1921
MEX,2021,alcohol,inc,num,a,15+,1505,463,3148
MEX,2021,alcohol,inc,num,f,15+,104,37,206
MEX,2021,alcohol,inc,num,m,15+,1638,616,3150
MEX,2021,smoking,inc,num,a,15+,1768,395,4147
MEX,2021,smoking,inc,num,f,15+,324,91,702
MEX,2021,smoking,inc,num,m,15+,1590,472,3375
MEX,2021,undernutrition,inc,num,a,a,4321,3250,5542
MHL,2021,hiv,inc,num,a,a,,,
MHL,2021,diabetes,inc,num,a,18+,11,3,25
MHL,2021,diabetes,inc,num,f,18+,6,1,13
MHL,2021,diabetes,inc,num,m,18+,5,1,11
MHL,2021,alcohol,inc,num,a,15+,,,
MHL,2021,alcohol,inc,num,f,15+,,,
MHL,2021,alcohol,inc,num,m,15+,,,
MHL,2021,smoking,inc,num,a,15+,14,2,36
MHL,2021,smoking,inc,num,f,15+,1,0,3
MHL,2021,smoking,inc,num,m,15+,11,3,25
MHL,2021,undernutrition,inc,num,a,a,,,
MKD,2021,hiv,inc,num,a,a,1,0,2
MKD,2021,diabetes,inc,num,a,18+,7,2,15
MKD,2021,diabetes,inc,num,f,18+,2,0,4
MKD,2021,diabetes,inc,num,m,18+,5,1,11
MKD,2021,alcohol,inc,num,a,15+,27,10,52
MKD,2021,alcohol,inc,num,f,15+,3,1,6
MKD,2021,alcohol,inc,num,m,15+,27,11,50
MKD,2021,smoking,inc,num,a,15+,,,
MKD,2021,smoking,inc,num,f,15+,,,
MKD,2021,smoking,inc,num,m,15+,,,
MKD,2021,undernutrition,inc,num,a,a,13,9,17
MLI,2021,hiv,inc,num,a,a,896,256,1928
MLI,2021,diabetes,inc,num,a,18+,376,38,1091
MLI,2021,diabetes,inc,num,f,18+,121,16,328
MLI,2021,diabetes,inc,num,m,18+,274,40,725
MLI,2021,alcohol,inc,num,a,15+,196,20,564
MLI,2021,alcohol,inc,num,f,15+,0,0,0
MLI,2021,alcohol,inc,num,m,15+,230,47,556
MLI,2021,smoking,inc,num,a,15+,336,18,1095
MLI,2021,smoking,inc,num,f,15+,11,1,30
MLI,2021,smoking,inc,num,m,15+,396,59,1045
MLI,2021,undernutrition,inc,num,a,a,1978,1263,2850
MLT,2021,hiv,inc,num,a,a,2,0,4
MLT,2021,diabetes,inc,num,a,18+,6,2,12
MLT,2021,diabetes,inc,num,f,18+,0,0,1
MLT,2021,diabetes,inc,num,m,18+,6,2,12
MLT,2021,alcohol,inc,num,a,15+,13,5,25
MLT,2021,alcohol,inc,num,f,15+,1,0,2
MLT,2021,alcohol,inc,num,m,15+,17,8,30
MLT,2021,smoking,inc,num,a,15+,19,6,40
MLT,2021,smoking,inc,num,f,15+,3,1,6
MLT,2021,smoking,inc,num,m,15+,17,6,34
MLT,2021,undernutrition,inc,num,a,a,3,2,3
MMR,2021,hiv,inc,num,a,a,16960,5339,35177
MMR,2021,diabetes,inc,num,a,18+,6423,1911,13621
MMR,2021,diabetes,inc,num,f,18+,2320,682,4945
MMR,2021,diabetes,inc,num,m,18+,4033,1128,8753
MMR,2021,alcohol,inc,num,a,15+,7623,2122,16575
MMR,2021,alcohol,inc,num,f,15+,844,265,1754
MMR,2021,alcohol,inc,num,m,15+,8367,2725,17117
MMR,2021,smoking,inc,num,a,15+,16320,3525,38731
MMR,2021,smoking,inc,num,f,15+,792,192,1807
MMR,2021,smoking,inc,num,m,15+,18843,5372,40611
MMR,2021,undernutrition,inc,num,a,a,27559,19061,37599
MNE,2021,hiv,inc,num,a,a,1,0,2
MNE,2021,diabetes,inc,num,a,18+,3,1,6
MNE,2021,diabetes,inc,num,f,18+,0,0,1
MNE,2021,diabetes,inc,num,m,18+,2,0,5
MNE,2021,alcohol,inc,num,a,15+,11,4,21
MNE,2021,alcohol,inc,num,f,15+,1,0,2
MNE,2021,alcohol,inc,num,m,15+,12,6,21
MNE,2021,smoking,inc,num,a,15+,13,4,28
MNE,2021,smoking,inc,num,f,15+,3,1,7
MNE,2021,smoking,inc,num,m,15+,9,3,18
MNE,2021,undernutrition,inc,num,a,a,5,4,6
MNG,2021,hiv,inc,num,a,a,50,11,119
MNG,2021,diabetes,inc,num,a,18+,763,134,1925
MNG,2021,diabetes,inc,num,f,18+,222,40,556
MNG,2021,diabetes,inc,num,m,18+,552,94,1406
MNG,2021,alcohol,inc,num,a,15+,2103,378,5277
MNG,2021,alcohol,inc,num,f,15+,230,44,566
MNG,2021,alcohol,inc,num,m,15+,2244,496,5284
MNG,2021,smoking,inc,num,a,15+,1710,207,4763
MNG,2021,smoking,inc,num,f,15+,136,19,364
MNG,2021,smoking,inc,num,m,15+,1901,329,4826
MNG,2021,undernutrition,inc,num,a,a,1218,614,2026
MOZ,2021,hiv,inc,num,a,a,63205,30580,107472
MOZ,2021,diabetes,inc,num,a,18+,3491,431,9680
MOZ,2021,diabetes,inc,num,f,18+,1462,221,3848
MOZ,2021,diabetes,inc,num,m,18+,2045,289,5480
MOZ,2021,alcohol,inc,num,a,15+,7780,1009,21317
MOZ,2021,alcohol,inc,num,f,15+,782,152,1916
MOZ,2021,alcohol,inc,num,m,15+,7683,1616,18389
MOZ,2021,smoking,inc,num,a,15+,6601,482,20506
MOZ,2021,smoking,inc,num,f,15+,711,99,1910
MOZ,2021,smoking,inc,num,m,15+,6308,960,16585
MOZ,2021,undernutrition,inc,num,a,a,45804,27831,68181
MRT,2021,hiv,inc,num,a,a,138,37,305
MRT,2021,diabetes,inc,num,a,18+,156,22,417
MRT,2021,diabetes,inc,num,f,18+,65,12,161
MRT,2021,diabetes,inc,num,m,18+,87,14,222
MRT,2021,alcohol,inc,num,a,15+,33,4,91
MRT,2021,alcohol,inc,num,f,15+,3,0,7
MRT,2021,alcohol,inc,num,m,15+,34,7,81
MRT,2021,smoking,inc,num,a,15+,139,11,421
MRT,2021,smoking,inc,num,f,15+,8,1,21
MRT,2021,smoking,inc,num,m,15+,145,25,371
MRT,2021,undernutrition,inc,num,a,a,610,380,895
MUS,2021,hiv,inc,num,a,a,22,7,45
MUS,2021,diabetes,inc,num,a,18+,9,3,17
MUS,2021,diabetes,inc,num,f,18+,2,1,5
MUS,2021,diabetes,inc,num,m,18+,6,2,12
MUS,2021,alcohol,inc,num,a,15+,17,6,32
MUS,2021,alcohol,inc,num,f,15+,1,0,2
MUS,2021,alcohol,inc,num,m,15+,19,8,34
MUS,2021,smoking,inc,num,a,15+,14,4,31
MUS,2021,smoking,inc,num,f,15+,0,0,1
MUS,2021,smoking,inc,num,m,15+,17,6,34
MUS,2021,undernutrition,inc,num,a,a,18,14,24
MWI,2021,hiv,inc,num,a,a,11876,4509,22746
MWI,2021,diabetes,inc,num,a,18+,806,74,2384
MWI,2021,diabetes,inc,num,f,18+,333,41,920
MWI,2021,diabetes,inc,num,m,18+,473,50,1355
MWI,2021,alcohol,inc,num,a,15+,1981,195,5784
MWI,2021,alcohol,inc,num,f,15+,184,27,484
MWI,2021,alcohol,inc,num,m,15+,1881,303,4872
MWI,2021,smoking,inc,num,a,15+,1078,55,3568
MWI,2021,smoking,inc,num,f,15+,116,12,333
MWI,2021,smoking,inc,num,m,15+,1023,112,2913
MWI,2021,undernutrition,inc,num,a,a,7024,3549,11664
MYS,2021,hiv,inc,num,a,a,1443,474,2940
MYS,2021,diabetes,inc,num,a,18+,1577,607,3001
MYS,2021,diabetes,inc,num,f,18+,586,225,1117
MYS,2021,diabetes,inc,num,m,18+,989,380,1884
MYS,2021,alcohol,inc,num,a,15+,1955,684,3880
MYS,2021,alcohol,inc,num,f,15+,263,105,494
MYS,2021,alcohol,inc,num,m,15+,1906,817,3448
MYS,2021,smoking,inc,num,a,15+,2954,795,6503
MYS,2021,smoking,inc,num,f,15+,19,5,41
MYS,2021,smoking,inc,num,m,15+,3233,1201,6252
MYS,2021,undernutrition,inc,num,a,a,2117,1801,2458
NAM,2021,hiv,inc,num,a,a,6758,3938,10328
NAM,2021,diabetes,inc,num,a,18+,403,87,957
NAM,2021,diabetes,inc,num,f,18+,151,36,347
NAM,2021,diabetes,inc,num,m,18+,248,54,586
NAM,2021,alcohol,inc,num,a,15+,1433,351,3260
NAM,2021,alcohol,inc,num,f,15+,196,59,413
NAM,2021,alcohol,inc,num,m,15+,1412,484,2829
NAM,2021,smoking,inc,num,a,15+,702,101,1871
NAM,2021,smoking,inc,num,f,15+,86,19,205
NAM,2021,smoking,inc,num,m,15+,702,166,1616
NAM,2021,undernutrition,inc,num,a,a,3454,2534,4514
NCL,2021,hiv,inc,num,a,a,,,
NCL,2021,diabetes,inc,num,a,18+,,,
NCL,2021,alcohol,inc,num,a,15+,,,
NCL,2021,smoking,inc,num,a,15+,,,
NCL,2021,undernutrition,inc,num,a,a,3,3,4
NER,2021,hiv,inc,num,a,a,432,117,949
NER,2021,diabetes,inc,num,a,18+,546,43,1667
NER,2021,diabetes,inc,num,f,18+,183,22,513
NER,2021,diabetes,inc,num,m,18+,371,41,1052
NER,2021,alcohol,inc,num,a,15+,322,29,954
NER,2021,alcohol,inc,num,f,15+,0,0,0
NER,2021,alcohol,inc,num,m,15+,409,76,1016
NER,2021,smoking,inc,num,a,15+,662,32,2214
NER,2021,smoking,inc,num,f,15+,20,2,56
NER,2021,smoking,inc,num,m,15+,786,107,2125
NER,2021,undernutrition,inc,num,a,a,,,
NGA,2021,hiv,inc,num,a,a,66264,21385,136065
NGA,2021,diabetes,inc,num,a,18+,13675,1913,36753
NGA,2021,diabetes,inc,num,f,18+,4793,827,12172
NGA,2021,diabetes,inc,num,m,18+,8830,1550,22315
NGA,2021,alcohol,inc,num,a,15+,6280,823,17161
NGA,2021,alcohol,inc,num,f,15+,384,83,909
NGA,2021,alcohol,inc,num,m,15+,7238,1604,17036
NGA,2021,smoking,inc,num,a,15+,5890,431,18290
NGA,2021,smoking,inc,num,f,15+,188,29,491
NGA,2021,smoking,inc,num,m,15+,7077,1132,18356
NGA,2021,undernutrition,inc,num,a,a,110928,72244,157775
NIC,2021,hiv,inc,num,a,a,92,27,197
NIC,2021,diabetes,inc,num,a,18+,132,37,284
NIC,2021,diabetes,inc,num,f,18+,56,17,118
NIC,2021,diabetes,inc,num,m,18+,72,20,159
NIC,2021,alcohol,inc,num,a,15+,363,111,760
NIC,2021,alcohol,inc,num,f,15+,85,31,168
NIC,2021,alcohol,inc,num,m,15+,302,118,570
NIC,2021,smoking,inc,num,a,15+,,,
NIC,2021,smoking,inc,num,f,15+,,,
NIC,2021,smoking,inc,num,m,15+,,,
NIC,2021,undernutrition,inc,num,a,a,903,688,1148
NIU,2021,hiv,inc,num,a,a,,,
NIU,2021,diabetes,inc,num,a,18+,0,0,0
NIU,2021,diabetes,inc,num,f,18+,0,,
NIU,2021,diabetes,inc,num,m,18+,0,0,0
NIU,2021,alcohol,inc,num,a,15+,0,0,0
NIU,2021,alcohol,inc,num,f,15+,0,,
NIU,2021,alcohol,inc,num,m,15+,0,0,0
NIU,2021,smoking,inc,num,a,15+,,,
NIU,2021,smoking,inc,num,f,15+,,,
NIU,2021,smoking,inc,num,m,15+,,,
NIU,2021,undernutrition,inc,num,a,a,,,
NLD,2021,hiv,inc,num,a,a,24,7,49
NLD,2021,diabetes,inc,num,a,18+,14,5,27
NLD,2021,diabetes,inc,num,f,18+,5,1,9
NLD,2021,diabetes,inc,num,m,18+,9,3,17
NLD,2021,alcohol,inc,num,a,15+,23,8,44
NLD,2021,alcohol,inc,num,f,15+,6,2,11
NLD,2021,alcohol,inc,num,m,15+,16,6,29
NLD,2021,smoking,inc,num,a,15+,69,21,144
NLD,2021,smoking,inc,num,f,15+,26,9,52
NLD,2021,smoking,inc,num,m,15+,39,14,78
NLD,2021,undernutrition,inc,num,a,a,40,34,46
NOR,2021,hiv,inc,num,a,a,3,0,6
NOR,2021,diabetes,inc,num,a,18+,3,1,7
NOR,2021,diabetes,inc,num,f,18+,1,0,3
NOR,2021,diabetes,inc,num,m,18+,1,0,2
NOR,2021,alcohol,inc,num,a,15+,21,8,39
NOR,2021,alcohol,inc,num,f,15+,7,3,12
NOR,2021,alcohol,inc,num,m,15+,8,3,15
NOR,2021,smoking,inc,num,a,15+,10,2,21
NOR,2021,smoking,inc,num,f,15+,5,1,10
NOR,2021,smoking,inc,num,m,15+,3,0,6
NOR,2021,undernutrition,inc,num,a,a,8,6,9
NPL,2021,hiv,inc,num,a,a,1289,336,2871
NPL,2021,diabetes,inc,num,a,18+,3332,793,7658
NPL,2021,diabetes,inc,num,f,18+,959,230,2200
NPL,2021,diabetes,inc,num,m,18+,2561,611,5884
NPL,2021,alcohol,inc,num,a,15+,2664,545,6432
NPL,2021,alcohol,inc,num,f,15+,292,72,664
NPL,2021,alcohol,inc,num,m,15+,3119,775,7065
NPL,2021,smoking,inc,num,a,15+,5047,757,13318
NPL,2021,smoking,inc,num,f,15+,484,93,1190
NPL,2021,smoking,inc,num,m,15+,5728,1188,13772
NPL,2021,undernutrition,inc,num,a,a,6430,3825,9699
NRU,2021,hiv,inc,num,a,a,,,
NRU,2021,diabetes,inc,num,a,18+,2,0,4
NRU,2021,diabetes,inc,num,f,18+,1,0,3
NRU,2021,diabetes,inc,num,m,18+,0,0,1
NRU,2021,alcohol,inc,num,a,15+,2,0,4
NRU,2021,alcohol,inc,num,f,15+,0,0,1
NRU,2021,alcohol,inc,num,m,15+,0,0,1
NRU,2021,smoking,inc,num,a,15+,3,0,8
NRU,2021,smoking,inc,num,f,15+,2,0,4
NRU,2021,smoking,inc,num,m,15+,1,0,2
NRU,2021,undernutrition,inc,num,a,a,,,
NZL,2021,hiv,inc,num,a,a,5,1,11
NZL,2021,diabetes,inc,num,a,18+,12,4,23
NZL,2021,diabetes,inc,num,f,18+,5,1,9
NZL,2021,diabetes,inc,num,m,18+,6,2,13
NZL,2021,alcohol,inc,num,a,15+,31,12,60
NZL,2021,alcohol,inc,num,f,15+,9,4,17
NZL,2021,alcohol,inc,num,m,15+,20,9,37
NZL,2021,smoking,inc,num,a,15+,22,6,48
NZL,2021,smoking,inc,num,f,15+,9,3,19
NZL,2021,smoking,inc,num,m,15+,12,3,24
NZL,2021,undernutrition,inc,num,a,a,17,15,20
OMN,2021,hiv,inc,num,a,a,3,1,7
OMN,2021,diabetes,inc,num,a,18+,19,7,36
OMN,2021,diabetes,inc,num,f,18+,5,2,11
OMN,2021,diabetes,inc,num,m,18+,11,4,22
OMN,2021,alcohol,inc,num,a,15+,2,0,5
OMN,2021,alcohol,inc,num,f,15+,0,0,0
OMN,2021,alcohol,inc,num,m,15+,2,0,4
OMN,2021,smoking,inc,num,a,15+,12,2,28
OMN,2021,smoking,inc,num,f,15+,0,0,0
OMN,2021,smoking,inc,num,m,15+,13,4,27
OMN,2021,undernutrition,inc,num,a,a,41,35,47
PAK,2021,hiv,inc,num,a,a,10431,3117,22083
PAK,2021,diabetes,inc,num,a,18+,30174,6942,70152
PAK,2021,diabetes,inc,num,f,18+,12488,3305,27661
PAK,2021,diabetes,inc,num,m,18+,17491,4485,39184
PAK,2021,alcohol,inc,num,a,15+,4792,882,11942
PAK,2021,alcohol,inc,num,f,15+,512,135,1135
PAK,2021,alcohol,inc,num,m,15+,4091,1078,9075
PAK,2021,smoking,inc,num,a,15+,33682,4379,92217
PAK,2021,smoking,inc,num,f,15+,3209,641,7804
PAK,2021,smoking,inc,num,m,15+,32559,7327,76247
PAK,2021,undernutrition,inc,num,a,a,132679,96430,174622
PAN,2021,hiv,inc,num,a,a,286,103,559
PAN,2021,diabetes,inc,num,a,18+,60,19,124
PAN,2021,diabetes,inc,num,f,18+,20,6,42
PAN,2021,diabetes,inc,num,m,18+,38,11,80
PAN,2021,alcohol,inc,num,a,15+,183,61,372
PAN,2021,alcohol,inc,num,f,15+,35,13,68
PAN,2021,alcohol,inc,num,m,15+,166,68,308
PAN,2021,smoking,inc,num,a,15+,29,5,71
PAN,2021,smoking,inc,num,f,15+,4,1,10
PAN,2021,smoking,inc,num,m,15+,29,8,65
PAN,2021,undernutrition,inc,num,a,a,253,193,321
PER,2021,hiv,inc,num,a,a,2282,723,4721
PER,2021,diabetes,inc,num,a,18+,1223,341,2655
PER,2021,diabetes,inc,num,f,18+,489,134,1071
PER,2021,diabetes,inc,num,m,18+,703,177,1584
PER,2021,alcohol,inc,num,a,15+,5598,1868,11339
PER,2021,alcohol,inc,num,f,15+,1021,361,2016
PER,2021,alcohol,inc,num,m,15+,4906,1986,9123
PER,2021,smoking,inc,num,a,15+,1036,204,2531
PER,2021,smoking,inc,num,f,15+,142,36,318
PER,2021,smoking,inc,num,m,15+,1027,273,2272
PER,2021,undernutrition,inc,num,a,a,6944,5416,8659
PHL,2021,hiv,inc,num,a,a,16530,4013,37740
PHL,2021,diabetes,inc,num,a,18+,21823,4588,52237
PHL,2021,diabetes,inc,num,f,18+,6523,1442,15362
PHL,2021,diabetes,inc,num,m,18+,15247,3200,36516
PHL,2021,alcohol,inc,num,a,15+,68490,14181,164735
PHL,2021,alcohol,inc,num,f,15+,7454,1759,17183
PHL,2021,alcohol,inc,num,m,15+,74803,19586,166330
PHL,2021,smoking,inc,num,a,15+,65980,9562,175727
PHL,2021,smoking,inc,num,f,15+,5625,1009,14127
PHL,2021,smoking,inc,num,m,15+,74730,15768,178675
PHL,2021,undernutrition,inc,num,a,a,125017,67568,199847
PLW,2021,hiv,inc,num,a,a,,,
PLW,2021,diabetes,inc,num,a,18+,1,0,2
PLW,2021,diabetes,inc,num,f,18+,0,0,0
PLW,2021,diabetes,inc,num,m,18+,1,0,2
PLW,2021,alcohol,inc,num,a,15+,1,0,2
PLW,2021,alcohol,inc,num,f,15+,0,0,0
PLW,2021,alcohol,inc,num,m,15+,2,0,3
PLW,2021,smoking,inc,num,a,15+,1,0,2
PLW,2021,smoking,inc,num,f,15+,0,0,0
PLW,2021,smoking,inc,num,m,15+,1,0,2
PLW,2021,undernutrition,inc,num,a,a,,,
PNG,2021,hiv,inc,num,a,a,4193,1440,8389
PNG,2021,diabetes,inc,num,a,18+,2117,538,4756
PNG,2021,diabetes,inc,num,f,18+,964,260,2120
PNG,2021,diabetes,inc,num,m,18+,1156,313,2539
PNG,2021,alcohol,inc,num,a,15+,3363,894,7437
PNG,2021,alcohol,inc,num,f,15+,584,190,1195
PNG,2021,alcohol,inc,num,m,15+,2738,1013,5303
PNG,2021,smoking,inc,num,a,15+,5176,1058,12499
PNG,2021,smoking,inc,num,f,15+,1655,453,3621
PNG,2021,smoking,inc,num,m,15+,3498,1095,7271
PNG,2021,undernutrition,inc,num,a,a,14520,11616,17742
POL,2021,hiv,inc,num,a,a,49,15,101
POL,2021,diabetes,inc,num,a,18+,135,55,251
POL,2021,diabetes,inc,num,f,18+,34,12,66
POL,2021,diabetes,inc,num,m,18+,106,40,203
POL,2021,alcohol,inc,num,a,15+,827,386,1432
POL,2021,alcohol,inc,num,f,15+,79,35,142
POL,2021,alcohol,inc,num,m,15+,892,491,1410
POL,2021,smoking,inc,num,a,15+,391,124,806
POL,2021,smoking,inc,num,f,15+,91,32,180
POL,2021,smoking,inc,num,m,15+,321,118,624
POL,2021,undernutrition,inc,num,a,a,207,176,240
PRK,2021,hiv,inc,num,a,a,1628,456,3533
PRK,2021,diabetes,inc,num,a,18+,3514,1100,7304
PRK,2021,diabetes,inc,num,f,18+,1255,346,2739
PRK,2021,diabetes,inc,num,m,18+,2227,585,4944
PRK,2021,alcohol,inc,num,a,15+,9209,3499,17635
PRK,2021,alcohol,inc,num,f,15+,1000,410,1850
PRK,2021,alcohol,inc,num,m,15+,9909,4423,17570
PRK,2021,smoking,inc,num,a,15+,9866,2836,21199
PRK,2021,smoking,inc,num,f,15+,0,0,0
PRK,2021,smoking,inc,num,m,15+,11677,4295,22685
PRK,2021,undernutrition,inc,num,a,a,64010,54878,73836
PRT,2021,hiv,inc,num,a,a,146,51,290
PRT,2021,diabetes,inc,num,a,18+,52,21,98
PRT,2021,diabetes,inc,num,f,18+,14,5,29
PRT,2021,diabetes,inc,num,m,18+,39,14,78
PRT,2021,alcohol,inc,num,a,15+,216,94,389
PRT,2021,alcohol,inc,num,f,15+,39,17,70
PRT,2021,alcohol,inc,num,m,15+,199,97,337
PRT,2021,smoking,inc,num,a,15+,200,67,403
PRT,2021,smoking,inc,num,f,15+,62,22,120
PRT,2021,smoking,inc,num,m,15+,138,52,266
PRT,2021,undernutrition,inc,num,a,a,86,73,100
PRY,2021,hiv,inc,num,a,a,140,45,288
PRY,2021,diabetes,inc,num,a,18+,120,35,256
PRY,2021,diabetes,inc,num,f,18+,38,12,80
PRY,2021,diabetes,inc,num,m,18+,80,23,171
PRY,2021,alcohol,inc,num,a,15+,430,148,859
PRY,2021,alcohol,inc,num,f,15+,77,31,143
PRY,2021,alcohol,inc,num,m,15+,396,178,701
PRY,2021,smoking,inc,num,a,15+,153,32,367
PRY,2021,smoking,inc,num,f,15+,18,5,38
PRY,2021,smoking,inc,num,m,15+,164,51,342
PRY,2021,undernutrition,inc,num,a,a,532,448,624
PYF,2021,hiv,inc,num,a,a,,,
PYF,2021,diabetes,inc,num,a,18+,,,
PYF,2021,alcohol,inc,num,a,15+,,,
PYF,2021,smoking,inc,num,a,15+,,,
PYF,2021,undernutrition,inc,num,a,a,2,2,3
QAT,2021,hiv,inc,num,a,a,2,0,5
QAT,2021,diabetes,inc,num,a,18+,79,36,138
QAT,2021,diabetes,inc,num,f,18+,17,7,31
QAT,2021,diabetes,inc,num,m,18+,61,28,105
QAT,2021,alcohol,inc,num,a,15+,6,2,12
QAT,2021,alcohol,inc,num,f,15+,0,0,0
QAT,2021,alcohol,inc,num,m,15+,6,2,12
QAT,2021,smoking,inc,num,a,15+,48,14,103
QAT,2021,smoking,inc,num,f,15+,1,0,3
QAT,2021,smoking,inc,num,m,15+,66,24,129
QAT,2021,undernutrition,inc,num,a,a,,,
ROU,2021,hiv,inc,num,a,a,212,67,436
ROU,2021,diabetes,inc,num,a,18+,397,150,762
ROU,2021,diabetes,inc,num,f,18+,117,40,236
ROU,2021,diabetes,inc,num,m,18+,287,99,573
ROU,2021,alcohol,inc,num,a,15+,737,287,1396
ROU,2021,alcohol,inc,num,f,15+,120,50,219
ROU,2021,alcohol,inc,num,m,15+,770,339,1376
ROU,2021,smoking,inc,num,a,15+,1560,507,3193
ROU,2021,smoking,inc,num,f,15+,372,133,733
ROU,2021,smoking,inc,num,m,15+,1291,489,2474
ROU,2021,undernutrition,inc,num,a,a,457,389,531
RUS,2021,hiv,inc,num,a,a,10098,3722,19601
RUS,2021,diabetes,inc,num,a,18+,2814,854,5923
RUS,2021,diabetes,inc,num,f,18+,949,257,2084
RUS,2021,diabetes,inc,num,m,18+,1814,459,4083
RUS,2021,alcohol,inc,num,a,15+,24359,10363,44232
RUS,2021,alcohol,inc,num,f,15+,3601,1341,6958
RUS,2021,alcohol,inc,num,m,15+,22997,10575,40163
RUS,2021,smoking,inc,num,a,15+,9463,2564,20782
RUS,2021,smoking,inc,num,f,15+,1670,467,3627
RUS,2021,smoking,inc,num,m,15+,8883,2728,18605
RUS,2021,undernutrition,inc,num,a,a,3587,2959,4275
RWA,2021,hiv,inc,num,a,a,1758,694,3308
RWA,2021,diabetes,inc,num,a,18+,161,28,405
RWA,2021,diabetes,inc,num,f,18+,47,10,111
RWA,2021,diabetes,inc,num,m,18+,110,21,271
RWA,2021,alcohol,inc,num,a,15+,1038,255,2357
RWA,2021,alcohol,inc,num,f,15+,118,39,241
RWA,2021,alcohol,inc,num,m,15+,1142,435,2186
RWA,2021,smoking,inc,num,a,15+,389,51,1063
RWA,2021,smoking,inc,num,f,15+,50,11,116
RWA,2021,smoking,inc,num,m,15+,414,102,941
RWA,2021,undernutrition,inc,num,a,a,3230,2433,4138
SAU,2021,hiv,inc,num,a,a,21,6,43
SAU,2021,diabetes,inc,num,a,18+,227,92,422
SAU,2021,diabetes,inc,num,f,18+,74,31,135
SAU,2021,diabetes,inc,num,m,18+,142,61,254
SAU,2021,alcohol,inc,num,a,15+,19,6,41
SAU,2021,alcohol,inc,num,f,15+,2,0,4
SAU,2021,alcohol,inc,num,m,15+,20,7,38
SAU,2021,smoking,inc,num,a,15+,192,46,440
SAU,2021,smoking,inc,num,f,15+,8,2,18
SAU,2021,smoking,inc,num,m,15+,208,71,415
SAU,2021,undernutrition,inc,num,a,a,234,199,272
SDN,2021,hiv,inc,num,a,a,443,119,974
SDN,2021,diabetes,inc,num,a,18+,1145,203,2884
SDN,2021,diabetes,inc,num,f,18+,490,106,1160
SDN,2021,diabetes,inc,num,m,18+,635,131,1528
SDN,2021,alcohol,inc,num,a,15+,790,130,2034
SDN,2021,alcohol,inc,num,f,15+,75,18,170
SDN,2021,alcohol,inc,num,m,15+,811,206,1822
SDN,2021,smoking,inc,num,a,15+,,,
SDN,2021,smoking,inc,num,f,15+,,,
SDN,2021,smoking,inc,num,m,15+,,,
SDN,2021,undernutrition,inc,num,a,a,5488,3611,7753
SEN,2021,hiv,inc,num,a,a,817,244,1731
SEN,2021,diabetes,inc,num,a,18+,677,116,1723
SEN,2021,diabetes,inc,num,f,18+,251,53,602
SEN,2021,diabetes,inc,num,m,18+,427,85,1040
SEN,2021,alcohol,inc,num,a,15+,305,49,788
SEN,2021,alcohol,inc,num,f,15+,0,0,0
SEN,2021,alcohol,inc,num,m,15+,374,98,832
SEN,2021,smoking,inc,num,a,15+,535,52,1570
SEN,2021,smoking,inc,num,f,15+,16,3,40
SEN,2021,smoking,inc,num,m,15+,618,122,1509
SEN,2021,undernutrition,inc,num,a,a,2636,1837,3578
SGP,2021,hiv,inc,num,a,a,87,26,185
SGP,2021,diabetes,inc,num,a,18+,103,46,184
SGP,2021,diabetes,inc,num,f,18+,36,14,69
SGP,2021,diabetes,inc,num,m,18+,69,28,126
SGP,2021,alcohol,inc,num,a,15+,68,27,128
SGP,2021,alcohol,inc,num,f,15+,13,5,24
SGP,2021,alcohol,inc,num,m,15+,58,25,106
SGP,2021,smoking,inc,num,a,15+,232,76,474
SGP,2021,smoking,inc,num,f,15+,31,10,64
SGP,2021,smoking,inc,num,m,15+,209,79,403
SGP,2021,undernutrition,inc,num,a,a,,,
SLB,2021,hiv,inc,num,a,a,,,
SLB,2021,diabetes,inc,num,a,18+,23,4,56
SLB,2021,diabetes,inc,num,f,18+,11,2,25
SLB,2021,diabetes,inc,num,m,18+,11,2,27
SLB,2021,alcohol,inc,num,a,15+,39,8,93
SLB,2021,alcohol,inc,num,f,15+,6,1,13
SLB,2021,alcohol,inc,num,m,15+,32,10,67
SLB,2021,smoking,inc,num,a,15+,58,9,152
SLB,2021,smoking,inc,num,f,15+,14,3,34
SLB,2021,smoking,inc,num,m,15+,44,12,97
SLB,2021,undernutrition,inc,num,a,a,120,91,152
SLE,2021,hiv,inc,num,a,a,3471,1101,7175
SLE,2021,diabetes,inc,num,a,18+,805,131,2077
SLE,2021,diabetes,inc,num,f,18+,313,55,791
SLE,2021,diabetes,inc,num,m,18+,490,88,1227
SLE,2021,alcohol,inc,num,a,15+,1813,310,4617
SLE,2021,alcohol,inc,num,f,15+,158,36,366
SLE,2021,alcohol,inc,num,m,15+,1816,467,4063
SLE,2021,smoking,inc,num,a,15+,1210,121,3519
SLE,2021,smoking,inc,num,f,15+,176,30,448
SLE,2021,smoking,inc,num,m,15+,1138,210,2832
SLE,2021,undernutrition,inc,num,a,a,8694,5483,12634
SLV,2021,hiv,inc,num,a,a,216,68,448
SLV,2021,diabetes,inc,num,a,18+,164,52,340
SLV,2021,diabetes,inc,num,f,18+,46,15,93
SLV,2021,diabetes,inc,num,m,18+,113,34,237
SLV,2021,alcohol,inc,num,a,15+,429,143,871
SLV,2021,alcohol,inc,num,f,15+,70,27,134
SLV,2021,alcohol,inc,num,m,15+,448,185,826
SLV,2021,smoking,inc,num,a,15+,126,26,301
SLV,2021,smoking,inc,num,f,15+,7,2,15
SLV,2021,smoking,inc,num,m,15+,162,47,347
SLV,2021,undernutrition,inc,num,a,a,487,356,639
SOM,2021,hiv,inc,num,a,a,360,96,795
SOM,2021,diabetes,inc,num,a,18+,1345,136,3906
SOM,2021,diabetes,inc,num,f,18+,528,70,1437
SOM,2021,diabetes,inc,num,m,18+,830,113,2245
SOM,2021,alcohol,inc,num,a,15+,378,38,1098
SOM,2021,alcohol,inc,num,f,15+,41,7,101
SOM,2021,alcohol,inc,num,m,15+,322,59,801
SOM,2021,smoking,inc,num,a,15+,,,
SOM,2021,smoking,inc,num,f,15+,,,
SOM,2021,smoking,inc,num,m,15+,,,
SOM,2021,undernutrition,inc,num,a,a,23447,14841,33989
SRB,2021,hiv,inc,num,a,a,10,3,21
SRB,2021,diabetes,inc,num,a,18+,31,12,59
SRB,2021,diabetes,inc,num,f,18+,16,5,33
SRB,2021,diabetes,inc,num,m,18+,13,4,27
SRB,2021,alcohol,inc,num,a,15+,112,47,205
SRB,2021,alcohol,inc,num,f,15+,24,10,44
SRB,2021,alcohol,inc,num,m,15+,71,33,123
SRB,2021,smoking,inc,num,a,15+,166,59,326
SRB,2021,smoking,inc,num,f,15+,94,37,178
SRB,2021,smoking,inc,num,m,15+,67,25,128
SRB,2021,undernutrition,inc,num,a,a,85,71,100
STP,2021,hiv,inc,num,a,a,17,3,44
STP,2021,diabetes,inc,num,a,18+,9,0,31
STP,2021,diabetes,inc,num,f,18+,3,0,11
STP,2021,diabetes,inc,num,m,18+,5,0,19
STP,2021,alcohol,inc,num,a,15+,31,1,102
STP,2021,alcohol,inc,num,f,15+,4,0,12
STP,2021,alcohol,inc,num,m,15+,30,2,87
STP,2021,smoking,inc,num,a,15+,6,0,22
STP,2021,smoking,inc,num,f,15+,0,0,0
STP,2021,smoking,inc,num,m,15+,7,0,22
STP,2021,undernutrition,inc,num,a,a,51,19,98
SUR,2021,hiv,inc,num,a,a,27,9,54
SUR,2021,diabetes,inc,num,a,18+,9,3,19
SUR,2021,diabetes,inc,num,f,18+,3,1,6
SUR,2021,diabetes,inc,num,m,18+,5,1,12
SUR,2021,alcohol,inc,num,a,15+,22,7,45
SUR,2021,alcohol,inc,num,f,15+,3,1,7
SUR,2021,alcohol,inc,num,m,15+,20,8,38
SUR,2021,smoking,inc,num,a,15+,,,
SUR,2021,smoking,inc,num,f,15+,,,
SUR,2021,smoking,inc,num,m,15+,,,
SUR,2021,undernutrition,inc,num,a,a,27,21,35
SVK,2021,hiv,inc,num,a,a,0,0,1
SVK,2021,diabetes,inc,num,a,18+,4,1,8
SVK,2021,diabetes,inc,num,f,18+,1,0,3
SVK,2021,diabetes,inc,num,m,18+,2,0,5
SVK,2021,alcohol,inc,num,a,15+,29,13,51
SVK,2021,alcohol,inc,num,f,15+,3,1,5
SVK,2021,alcohol,inc,num,m,15+,22,11,37
SVK,2021,smoking,inc,num,a,15+,20,6,41
SVK,2021,smoking,inc,num,f,15+,7,2,14
SVK,2021,smoking,inc,num,m,15+,11,3,21
SVK,2021,undernutrition,inc,num,a,a,12,10,14
SVN,2021,hiv,inc,num,a,a,0,0,1
SVN,2021,diabetes,inc,num,a,18+,2,1,5
SVN,2021,diabetes,inc,num,f,18+,1,0,2
SVN,2021,diabetes,inc,num,m,18+,1,0,3
SVN,2021,alcohol,inc,num,a,15+,21,9,36
SVN,2021,alcohol,inc,num,f,15+,3,1,5
SVN,2021,alcohol,inc,num,m,15+,15,8,24
SVN,2021,smoking,inc,num,a,15+,9,2,19
SVN,2021,smoking,inc,num,f,15+,3,1,6
SVN,2021,smoking,inc,num,m,15+,5,1,10
SVN,2021,undernutrition,inc,num,a,a,4,4,5
SWE,2021,hiv,inc,num,a,a,7,2,16
SWE,2021,diabetes,inc,num,a,18+,8,3,16
SWE,2021,diabetes,inc,num,f,18+,3,1,6
SWE,2021,diabetes,inc,num,m,18+,4,1,9
SWE,2021,alcohol,inc,num,a,15+,70,31,126
SWE,2021,alcohol,inc,num,f,15+,23,10,41
SWE,2021,alcohol,inc,num,m,15+,42,20,72
SWE,2021,smoking,inc,num,a,15+,24,6,51
SWE,2021,smoking,inc,num,f,15+,10,3,21
SWE,2021,smoking,inc,num,m,15+,12,4,24
SWE,2021,undernutrition,inc,num,a,a,20,17,23
SWZ,2021,hiv,inc,num,a,a,2347,1148,3968
SWZ,2021,diabetes,inc,num,a,18+,175,34,427
SWZ,2021,diabetes,inc,num,f,18+,82,18,194
SWZ,2021,diabetes,inc,num,m,18+,85,16,209
SWZ,2021,alcohol,inc,num,a,15+,533,115,1265
SWZ,2021,alcohol,inc,num,f,15+,82,20,185
SWZ,2021,alcohol,inc,num,m,15+,484,140,1039
SWZ,2021,smoking,inc,num,a,15+,159,19,443
SWZ,2021,smoking,inc,num,f,15+,6,1,15
SWZ,2021,smoking,inc,num,m,15+,171,33,420
SWZ,2021,undernutrition,inc,num,a,a,835,520,1224
SYC,2021,hiv,inc,num,a,a,,,
SYC,2021,diabetes,inc,num,a,18+,0,0,1
SYC,2021,diabetes,inc,num,f,18+,0,,
SYC,2021,diabetes,inc,num,m,18+,0,0,1
SYC,2021,alcohol,inc,num,a,15+,1,0,3
SYC,2021,alcohol,inc,num,f,15+,0,,
SYC,2021,alcohol,inc,num,m,15+,2,1,4
SYC,2021,smoking,inc,num,a,15+,1,0,2
SYC,2021,smoking,inc,num,f,15+,0,,
SYC,2021,smoking,inc,num,m,15+,1,0,3
SYC,2021,undernutrition,inc,num,a,a,,,
SYR,2021,hiv,inc,num,a,a,2,0,6
SYR,2021,diabetes,inc,num,a,18+,244,75,511
SYR,2021,diabetes,inc,num,f,18+,122,45,238
SYR,2021,diabetes,inc,num,m,18+,118,41,235
SYR,2021,alcohol,inc,num,a,15+,49,11,115
SYR,2021,alcohol,inc,num,f,15+,4,1,8
SYR,2021,alcohol,inc,num,m,15+,41,13,83
SYR,2021,smoking,inc,num,a,15+,,,
SYR,2021,smoking,inc,num,f,15+,,,
SYR,2021,smoking,inc,num,m,15+,,,
SYR,2021,undernutrition,inc,num,a,a,,,
TCD,2021,hiv,inc,num,a,a,2528,749,5369
TCD,2021,diabetes,inc,num,a,18+,771,77,2247
TCD,2021,diabetes,inc,num,f,18+,260,34,708
TCD,2021,diabetes,inc,num,m,18+,536,74,1446
TCD,2021,alcohol,inc,num,a,15+,366,36,1067
TCD,2021,alcohol,inc,num,f,15+,0,0,0
TCD,2021,alcohol,inc,num,m,15+,447,86,1099
TCD,2021,smoking,inc,num,a,15+,753,40,2474
TCD,2021,smoking,inc,num,f,15+,63,8,173
TCD,2021,smoking,inc,num,m,15+,809,114,2169
TCD,2021,undernutrition,inc,num,a,a,9606,6111,13880
TGO,2021,hiv,inc,num,a,a,529,201,1013
TGO,2021,diabetes,inc,num,a,18+,101,22,238
TGO,2021,diabetes,inc,num,f,18+,36,9,79
TGO,2021,diabetes,inc,num,m,18+,66,17,147
TGO,2021,alcohol,inc,num,a,15+,528,142,1161
TGO,2021,alcohol,inc,num,f,15+,91,31,181
TGO,2021,alcohol,inc,num,m,15+,480,199,884
TGO,2021,smoking,inc,num,a,15+,73,9,204
TGO,2021,smoking,inc,num,f,15+,2,0,5
TGO,2021,smoking,inc,num,m,15+,87,21,199
TGO,2021,undernutrition,inc,num,a,a,873,689,1079
THA,2021,hiv,inc,num,a,a,12384,4283,24711
THA,2021,diabetes,inc,num,a,18+,4293,1663,8146
THA,2021,diabetes,inc,num,f,18+,1460,533,2846
THA,2021,diabetes,inc,num,m,18+,2802,965,5602
THA,2021,alcohol,inc,num,a,15+,11681,4478,22277
THA,2021,alcohol,inc,num,f,15+,713,270,1367
THA,2021,alcohol,inc,num,m,15+,13132,5681,23652
THA,2021,smoking,inc,num,a,15+,9742,2819,20880
THA,2021,smoking,inc,num,f,15+,255,75,544
THA,2021,smoking,inc,num,m,15+,11456,3990,22788
THA,2021,undernutrition,inc,num,a,a,15649,12058,19701
TJK,2021,hiv,inc,num,a,a,218,66,456
TJK,2021,diabetes,inc,num,a,18+,379,92,865
TJK,2021,diabetes,inc,num,f,18+,135,37,296
TJK,2021,diabetes,inc,num,m,18+,243,63,542
TJK,2021,alcohol,inc,num,a,15+,162,36,381
TJK,2021,alcohol,inc,num,f,15+,20,6,41
TJK,2021,alcohol,inc,num,m,15+,179,57,368
TJK,2021,smoking,inc,num,a,15+,,,
TJK,2021,smoking,inc,num,f,15+,,,
TJK,2021,smoking,inc,num,m,15+,,,
TJK,2021,undernutrition,inc,num,a,a,,,
TKM,2021,hiv,inc,num,a,a,602,210,1197
TKM,2021,diabetes,inc,num,a,18+,164,51,343
TKM,2021,diabetes,inc,num,f,18+,67,21,137
TKM,2021,diabetes,inc,num,m,18+,97,30,202
TKM,2021,alcohol,inc,num,a,15+,343,101,728
TKM,2021,alcohol,inc,num,f,15+,55,19,111
TKM,2021,alcohol,inc,num,m,15+,308,119,586
TKM,2021,smoking,inc,num,a,15+,73,12,184
TKM,2021,smoking,inc,num,f,15+,2,0,6
TKM,2021,smoking,inc,num,m,15+,79,20,177
TKM,2021,undernutrition,inc,num,a,a,244,185,311
TLS,2021,hiv,inc,num,a,a,128,33,285
TLS,2021,diabetes,inc,num,a,18+,175,33,430
TLS,2021,diabetes,inc,num,f,18+,58,13,138
TLS,2021,diabetes,inc,num,m,18+,114,23,275
TLS,2021,alcohol,inc,num,a,15+,263,49,650
TLS,2021,alcohol,inc,num,f,15+,30,7,67
TLS,2021,alcohol,inc,num,m,15+,283,76,624
TLS,2021,smoking,inc,num,a,15+,930,141,2446
TLS,2021,smoking,inc,num,f,15+,52,10,128
TLS,2021,smoking,inc,num,m,15+,1011,261,2259
TLS,2021,undernutrition,inc,num,a,a,2099,1387,2956
TON,2021,hiv,inc,num,a,a,,,
TON,2021,diabetes,inc,num,a,18+,0,0,1
TON,2021,diabetes,inc,num,f,18+,0,0,0
TON,2021,diabetes,inc,num,m,18+,0,0,1
TON,2021,alcohol,inc,num,a,15+,0,0,2
TON,2021,alcohol,inc,num,f,15+,0,0,0
TON,2021,alcohol,inc,num,m,15+,1,0,1
TON,2021,smoking,inc,num,a,15+,1,0,3
TON,2021,smoking,inc,num,f,15+,0,0,0
TON,2021,smoking,inc,num,m,15+,1,0,2
TON,2021,undernutrition,inc,num,a,a,,,
TTO,2021,hiv,inc,num,a,a,28,10,54
TTO,2021,diabetes,inc,num,a,18+,15,5,29
TTO,2021,diabetes,inc,num,f,18+,4,1,8
TTO,2021,diabetes,inc,num,m,18+,9,2,21
TTO,2021,alcohol,inc,num,a,15+,36,14,68
TTO,2021,alcohol,inc,num,f,15+,5,2,9
TTO,2021,alcohol,inc,num,m,15+,37,17,64
TTO,2021,smoking,inc,num,a,15+,,,
TTO,2021,smoking,inc,num,f,15+,,,
TTO,2021,smoking,inc,num,m,15+,,,
TTO,2021,undernutrition,inc,num,a,a,25,21,29
TUN,2021,hiv,inc,num,a,a,37,9,83
TUN,2021,diabetes,inc,num,a,18+,252,92,492
TUN,2021,diabetes,inc,num,f,18+,129,47,250
TUN,2021,diabetes,inc,num,m,18+,121,42,239
TUN,2021,alcohol,inc,num,a,15+,59,17,126
TUN,2021,alcohol,inc,num,f,15+,9,3,19
TUN,2021,alcohol,inc,num,m,15+,53,18,106
TUN,2021,smoking,inc,num,a,15+,419,100,959
TUN,2021,smoking,inc,num,f,15+,15,4,34
TUN,2021,smoking,inc,num,m,15+,363,117,747
TUN,2021,undernutrition,inc,num,a,a,273,207,349
TUR,2021,hiv,inc,num,a,a,140,43,294
TUR,2021,diabetes,inc,num,a,18+,798,339,1450
TUR,2021,diabetes,inc,num,f,18+,352,157,624
TUR,2021,diabetes,inc,num,m,18+,426,183,769
TUR,2021,alcohol,inc,num,a,15+,1254,454,2452
TUR,2021,alcohol,inc,num,f,15+,202,81,378
TUR,2021,alcohol,inc,num,m,15+,1099,489,1952
TUR,2021,smoking,inc,num,a,15+,1820,523,3911
TUR,2021,smoking,inc,num,f,15+,550,186,1106
TUR,2021,smoking,inc,num,m,15+,1276,471,2474
TUR,2021,undernutrition,inc,num,a,a,776,639,927
TUV,2021,hiv,inc,num,a,a,,,
TUV,2021,diabetes,inc,num,a,18+,3,1,5
TUV,2021,diabetes,inc,num,f,18+,1,0,2
TUV,2021,diabetes,inc,num,m,18+,1,0,3
TUV,2021,alcohol,inc,num,a,15+,3,1,6
TUV,2021,alcohol,inc,num,f,15+,0,0,0
TUV,2021,alcohol,inc,num,m,15+,3,1,5
TUV,2021,smoking,inc,num,a,15+,4,1,10
TUV,2021,smoking,inc,num,f,15+,1,0,2
TUV,2021,smoking,inc,num,m,15+,3,1,7
TUV,2021,undernutrition,inc,num,a,a,,,
TZA,2021,hiv,inc,num,a,a,42377,12398,90442
TZA,2021,diabetes,inc,num,a,18+,4022,297,12464
TZA,2021,diabetes,inc,num,f,18+,1527,144,4500
TZA,2021,diabetes,inc,num,m,18+,2428,203,7338
TZA,2021,alcohol,inc,num,a,15+,18397,1514,55817
TZA,2021,alcohol,inc,num,f,15+,2512,287,7092
TZA,2021,alcohol,inc,num,m,15+,17360,2249,47568
TZA,2021,smoking,inc,num,a,15+,4339,157,15198
TZA,2021,smoking,inc,num,f,15+,380,29,1171
TZA,2021,smoking,inc,num,m,15+,4600,353,14148
TZA,2021,undernutrition,inc,num,a,a,45734,20321,81278
UGA,2021,hiv,inc,num,a,a,31539,12326,59618
UGA,2021,diabetes,inc,num,a,18+,,,
UGA,2021,diabetes,inc,num,f,18+,,,
UGA,2021,diabetes,inc,num,m,18+,,,
UGA,2021,alcohol,inc,num,a,15+,,,
UGA,2021,alcohol,inc,num,f,15+,,,
UGA,2021,alcohol,inc,num,m,15+,,,
UGA,2021,smoking,inc,num,a,15+,,,
UGA,2021,smoking,inc,num,f,15+,,,
UGA,2021,smoking,inc,num,m,15+,,,
UGA,2021,undernutrition,inc,num,a,a,,,
UKR,2021,hiv,inc,num,a,a,3013,914,6341
UKR,2021,diabetes,inc,num,a,18+,980,268,2144
UKR,2021,diabetes,inc,num,f,18+,307,67,724
UKR,2021,diabetes,inc,num,m,18+,669,142,1597
UKR,2021,alcohol,inc,num,a,15+,3386,1076,6998
UKR,2021,alcohol,inc,num,f,15+,280,81,599
UKR,2021,alcohol,inc,num,m,15+,3917,1275,8015
UKR,2021,smoking,inc,num,a,15+,3243,803,7354
UKR,2021,smoking,inc,num,f,15+,511,121,1173
UKR,2021,smoking,inc,num,m,15+,3146,823,6996
UKR,2021,undernutrition,inc,num,a,a,1624,1064,2301
URY,2021,hiv,inc,num,a,a,99,33,199
URY,2021,diabetes,inc,num,a,18+,46,17,89
URY,2021,diabetes,inc,num,f,18+,14,5,28
URY,2021,diabetes,inc,num,m,18+,31,11,61
URY,2021,alcohol,inc,num,a,15+,132,52,249
URY,2021,alcohol,inc,num,f,15+,22,9,41
URY,2021,alcohol,inc,num,m,15+,129,60,224
URY,2021,smoking,inc,num,a,15+,99,28,214
URY,2021,smoking,inc,num,f,15+,26,9,53
URY,2021,smoking,inc,num,m,15+,77,27,153
URY,2021,undernutrition,inc,num,a,a,57,48,66
USA,2021,hiv,inc,num,a,a,677,231,1358
USA,2021,diabetes,inc,num,a,18+,280,114,519
USA,2021,diabetes,inc,num,f,18+,98,38,184
USA,2021,diabetes,inc,num,m,18+,158,61,300
USA,2021,alcohol,inc,num,a,15+,1912,876,3345
USA,2021,alcohol,inc,num,f,15+,607,291,1038
USA,2021,alcohol,inc,num,m,15+,1148,579,1908
USA,2021,smoking,inc,num,a,15+,710,208,1512
USA,2021,smoking,inc,num,f,15+,237,81,475
USA,2021,smoking,inc,num,m,15+,412,142,824
USA,2021,undernutrition,inc,num,a,a,451,383,524
UZB,2021,hiv,inc,num,a,a,667,193,1430
UZB,2021,diabetes,inc,num,a,18+,1070,293,2340
UZB,2021,diabetes,inc,num,f,18+,495,138,1075
UZB,2021,diabetes,inc,num,m,18+,569,148,1267
UZB,2021,alcohol,inc,num,a,15+,2552,712,5544
UZB,2021,alcohol,inc,num,f,15+,455,138,958
UZB,2021,alcohol,inc,num,m,15+,2117,714,4270
UZB,2021,smoking,inc,num,a,15+,1110,195,2802
UZB,2021,smoking,inc,num,f,15+,50,11,117
UZB,2021,smoking,inc,num,m,15+,1075,259,2459
UZB,2021,undernutrition,inc,num,a,a,1084,730,1507
VCT,2021,hiv,inc,num,a,a,,,
VCT,2021,diabetes,inc,num,a,18+,0,0,0
VCT,2021,diabetes,inc,num,f,18+,0,0,0
VCT,2021,diabetes,inc,num,m,18+,0,0,0
VCT,2021,alcohol,inc,num,a,15+,0,0,1
VCT,2021,alcohol,inc,num,f,15+,0,0,0
VCT,2021,alcohol,inc,num,m,15+,1,0,1
VCT,2021,smoking,inc,num,a,15+,,,
VCT,2021,smoking,inc,num,f,15+,,,
VCT,2021,smoking,inc,num,m,15+,,,
VCT,2021,undernutrition,inc,num,a,a,0,0,1
VEN,2021,hiv,inc,num,a,a,1015,328,2083
VEN,2021,diabetes,inc,num,a,18+,580,179,1211
VEN,2021,diabetes,inc,num,f,18+,195,63,402
VEN,2021,diabetes,inc,num,m,18+,387,124,796
VEN,2021,alcohol,inc,num,a,15+,1756,566,3606
VEN,2021,alcohol,inc,num,f,15+,368,138,710
VEN,2021,alcohol,inc,num,m,15+,1533,623,2846
VEN,2021,smoking,inc,num,a,15+,,,
VEN,2021,smoking,inc,num,f,15+,,,
VEN,2021,smoking,inc,num,m,15+,,,
VEN,2021,undernutrition,inc,num,a,a,5035,3736,6525
VNM,2021,hiv,inc,num,a,a,7672,2189,16531
VNM,2021,diabetes,inc,num,a,18+,3940,1048,8709
VNM,2021,diabetes,inc,num,f,18+,1118,280,2526
VNM,2021,diabetes,inc,num,m,18+,2847,663,6593
VNM,2021,alcohol,inc,num,a,15+,16912,4727,36720
VNM,2021,alcohol,inc,num,f,15+,1223,346,2645
VNM,2021,alcohol,inc,num,m,15+,19518,6151,40463
VNM,2021,smoking,inc,num,a,15+,17030,3579,40771
VNM,2021,smoking,inc,num,f,15+,230,49,546
VNM,2021,smoking,inc,num,m,15+,20795,5466,46173
VNM,2021,undernutrition,inc,num,a,a,21507,13892,30760
VUT,2021,hiv,inc,num,a,a,,,
VUT,2021,diabetes,inc,num,a,18+,7,1,17
VUT,2021,diabetes,inc,num,f,18+,3,0,7
VUT,2021,diabetes,inc,num,m,18+,3,0,8
VUT,2021,alcohol,inc,num,a,15+,11,2,26
VUT,2021,alcohol,inc,num,f,15+,1,0,4
VUT,2021,alcohol,inc,num,m,15+,9,2,18
VUT,2021,smoking,inc,num,a,15+,8,1,23
VUT,2021,smoking,inc,num,f,15+,0,0,1
VUT,2021,smoking,inc,num,m,15+,7,1,17
VUT,2021,undernutrition,inc,num,a,a,17,12,23
WSM,2021,hiv,inc,num,a,a,,,
WSM,2021,diabetes,inc,num,a,18+,1,0,2
WSM,2021,diabetes,inc,num,f,18+,0,0,1
WSM,2021,diabetes,inc,num,m,18+,0,0,0
WSM,2021,alcohol,inc,num,a,15+,1,0,3
WSM,2021,alcohol,inc,num,f,15+,0,0,0
WSM,2021,alcohol,inc,num,m,15+,0,0,1
WSM,2021,smoking,inc,num,a,15+,1,0,3
WSM,2021,smoking,inc,num,f,15+,0,0,1
WSM,2021,smoking,inc,num,m,15+,0,0,1
WSM,2021,undernutrition,inc,num,a,a,1,1,1
YEM,2021,hiv,inc,num,a,a,93,29,193
YEM,2021,diabetes,inc,num,a,18+,804,202,1812
YEM,2021,diabetes,inc,num,f,18+,325,95,693
YEM,2021,diabetes,inc,num,m,18+,483,148,1014
YEM,2021,alcohol,inc,num,a,15+,139,29,331
YEM,2021,alcohol,inc,num,f,15+,15,5,31
YEM,2021,alcohol,inc,num,m,15+,113,38,227
YEM,2021,smoking,inc,num,a,15+,1175,178,3092
YEM,2021,smoking,inc,num,f,15+,209,54,466
YEM,2021,smoking,inc,num,m,15+,986,289,2103
YEM,2021,undernutrition,inc,num,a,a,7721,6647,8875
ZAF,2021,hiv,inc,num,a,a,145459,68593,250725
ZAF,2021,diabetes,inc,num,a,18+,9082,1422,23695
ZAF,2021,diabetes,inc,num,f,18+,3964,563,10612
ZAF,2021,diabetes,inc,num,m,18+,4700,579,13042
ZAF,2021,alcohol,inc,num,a,15+,23617,3970,60425
ZAF,2021,alcohol,inc,num,f,15+,2701,422,7051
ZAF,2021,alcohol,inc,num,m,15+,22487,3973,56721
ZAF,2021,smoking,inc,num,a,15+,16969,1928,47992
ZAF,2021,smoking,inc,num,f,15+,2109,249,5908
ZAF,2021,smoking,inc,num,m,15+,16067,2145,43703
ZAF,2021,undernutrition,inc,num,a,a,37710,25522,52240
ZMB,2021,hiv,inc,num,a,a,31432,15635,52651
ZMB,2021,diabetes,inc,num,a,18+,1937,269,5216
ZMB,2021,diabetes,inc,num,f,18+,735,136,1827
ZMB,2021,diabetes,inc,num,m,18+,1192,203,3039
ZMB,2021,alcohol,inc,num,a,15+,6833,1070,17824
ZMB,2021,alcohol,inc,num,f,15+,617,139,1446
ZMB,2021,alcohol,inc,num,m,15+,6955,1822,15462
ZMB,2021,smoking,inc,num,a,15+,3944,328,11941
ZMB,2021,smoking,inc,num,f,15+,306,49,794
ZMB,2021,smoking,inc,num,m,15+,4186,761,10473
ZMB,2021,undernutrition,inc,num,a,a,,,
ZWE,2021,hiv,inc,num,a,a,17326,9779,26994
ZWE,2021,diabetes,inc,num,a,18+,1023,187,2555
ZWE,2021,diabetes,inc,num,f,18+,454,111,1034
ZWE,2021,diabetes,inc,num,m,18+,543,106,1328
ZWE,2021,alcohol,inc,num,a,15+,3840,840,9075
ZWE,2021,alcohol,inc,num,f,15+,552,167,1164
ZWE,2021,alcohol,inc,num,m,15+,3500,1180,7057
ZWE,2021,smoking,inc,num,a,15+,1481,169,4181
ZWE,2021,smoking,inc,num,f,15+,42,9,101
ZWE,2021,smoking,inc,num,m,15+,1575,352,3697
ZWE,2021,undernutrition,inc,num,a,a,,,
